-- phpMyAdmin SQL Dump
-- version 3.2.4
-- http://www.phpmyadmin.net
--
-- Host: localhost
-- Generation Time: Aug 08, 2011 at 11:54 PM
-- Server version: 5.1.41
-- PHP Version: 5.3.1

SET SQL_MODE="NO_AUTO_VALUE_ON_ZERO";


/*!40101 SET @OLD_CHARACTER_SET_CLIENT=@@CHARACTER_SET_CLIENT */;
/*!40101 SET @OLD_CHARACTER_SET_RESULTS=@@CHARACTER_SET_RESULTS */;
/*!40101 SET @OLD_COLLATION_CONNECTION=@@COLLATION_CONNECTION */;
/*!40101 SET NAMES utf8 */;

--
-- Database: `a+`
--

-- --------------------------------------------------------

--
-- Table structure for table `ktcommentmeta`
--

CREATE TABLE IF NOT EXISTS `ktcommentmeta` (
  `meta_id` bigint(20) unsigned NOT NULL AUTO_INCREMENT,
  `comment_id` bigint(20) unsigned NOT NULL DEFAULT '0',
  `meta_key` varchar(255) DEFAULT NULL,
  `meta_value` longtext,
  PRIMARY KEY (`meta_id`),
  KEY `comment_id` (`comment_id`),
  KEY `meta_key` (`meta_key`)
) ENGINE=MyISAM DEFAULT CHARSET=utf8 AUTO_INCREMENT=1 ;

--
-- Dumping data for table `ktcommentmeta`
--


-- --------------------------------------------------------

--
-- Table structure for table `ktcomments`
--

CREATE TABLE IF NOT EXISTS `ktcomments` (
  `comment_ID` bigint(20) unsigned NOT NULL AUTO_INCREMENT,
  `comment_post_ID` bigint(20) unsigned NOT NULL DEFAULT '0',
  `comment_author` tinytext NOT NULL,
  `comment_author_email` varchar(100) NOT NULL DEFAULT '',
  `comment_author_url` varchar(200) NOT NULL DEFAULT '',
  `comment_author_IP` varchar(100) NOT NULL DEFAULT '',
  `comment_date` datetime NOT NULL DEFAULT '0000-00-00 00:00:00',
  `comment_date_gmt` datetime NOT NULL DEFAULT '0000-00-00 00:00:00',
  `comment_content` text NOT NULL,
  `comment_karma` int(11) NOT NULL DEFAULT '0',
  `comment_approved` varchar(20) NOT NULL DEFAULT '1',
  `comment_agent` varchar(255) NOT NULL DEFAULT '',
  `comment_type` varchar(20) NOT NULL DEFAULT '',
  `comment_parent` bigint(20) unsigned NOT NULL DEFAULT '0',
  `user_id` bigint(20) unsigned NOT NULL DEFAULT '0',
  PRIMARY KEY (`comment_ID`),
  KEY `comment_approved` (`comment_approved`),
  KEY `comment_post_ID` (`comment_post_ID`),
  KEY `comment_approved_date_gmt` (`comment_approved`,`comment_date_gmt`),
  KEY `comment_date_gmt` (`comment_date_gmt`),
  KEY `comment_parent` (`comment_parent`)
) ENGINE=MyISAM  DEFAULT CHARSET=utf8 AUTO_INCREMENT=2 ;

--
-- Dumping data for table `ktcomments`
--

INSERT INTO `ktcomments` (`comment_ID`, `comment_post_ID`, `comment_author`, `comment_author_email`, `comment_author_url`, `comment_author_IP`, `comment_date`, `comment_date_gmt`, `comment_content`, `comment_karma`, `comment_approved`, `comment_agent`, `comment_type`, `comment_parent`, `user_id`) VALUES
(1, 1, 'Mr WordPress', '', 'http://wordpress.org/', '', '2011-08-30 17:22:51', '2011-08-30 17:22:51', 'Hi, this is a comment.<br />To delete a comment, just log in and view the post&#039;s comments. There you will have the option to edit or delete them.', 0, '1', '', '', 0, 0);

-- --------------------------------------------------------

--
-- Table structure for table `ktlinks`
--

CREATE TABLE IF NOT EXISTS `ktlinks` (
  `link_id` bigint(20) unsigned NOT NULL AUTO_INCREMENT,
  `link_url` varchar(255) NOT NULL DEFAULT '',
  `link_name` varchar(255) NOT NULL DEFAULT '',
  `link_image` varchar(255) NOT NULL DEFAULT '',
  `link_target` varchar(25) NOT NULL DEFAULT '',
  `link_description` varchar(255) NOT NULL DEFAULT '',
  `link_visible` varchar(20) NOT NULL DEFAULT 'Y',
  `link_owner` bigint(20) unsigned NOT NULL DEFAULT '1',
  `link_rating` int(11) NOT NULL DEFAULT '0',
  `link_updated` datetime NOT NULL DEFAULT '0000-00-00 00:00:00',
  `link_rel` varchar(255) NOT NULL DEFAULT '',
  `link_notes` mediumtext NOT NULL,
  `link_rss` varchar(255) NOT NULL DEFAULT '',
  PRIMARY KEY (`link_id`),
  KEY `link_visible` (`link_visible`)
) ENGINE=MyISAM  DEFAULT CHARSET=utf8 AUTO_INCREMENT=8 ;

--
-- Dumping data for table `ktlinks`
--

INSERT INTO `ktlinks` (`link_id`, `link_url`, `link_name`, `link_image`, `link_target`, `link_description`, `link_visible`, `link_owner`, `link_rating`, `link_updated`, `link_rel`, `link_notes`, `link_rss`) VALUES
(1, 'http://codex.wordpress.org/', 'Documentation', '', '', '', 'Y', 1, 0, '0000-00-00 00:00:00', '', '', ''),
(2, 'http://wordpress.org/news/', 'WordPress Blog', '', '', '', 'Y', 1, 0, '0000-00-00 00:00:00', '', '', 'http://wordpress.org/news/feed/'),
(3, 'http://wordpress.org/extend/ideas/', 'Suggest Ideas', '', '', '', 'Y', 1, 0, '0000-00-00 00:00:00', '', '', ''),
(4, 'http://wordpress.org/support/', 'Support Forum', '', '', '', 'Y', 1, 0, '0000-00-00 00:00:00', '', '', ''),
(5, 'http://wordpress.org/extend/plugins/', 'Plugins', '', '', '', 'Y', 1, 0, '0000-00-00 00:00:00', '', '', ''),
(6, 'http://wordpress.org/extend/themes/', 'Themes', '', '', '', 'Y', 1, 0, '0000-00-00 00:00:00', '', '', ''),
(7, 'http://planet.wordpress.org/', 'WordPress Planet', '', '', '', 'Y', 1, 0, '0000-00-00 00:00:00', '', '', '');

-- --------------------------------------------------------

--
-- Table structure for table `ktoptions`
--

CREATE TABLE IF NOT EXISTS `ktoptions` (
  `option_id` bigint(20) unsigned NOT NULL AUTO_INCREMENT,
  `blog_id` int(11) NOT NULL DEFAULT '0',
  `option_name` varchar(64) NOT NULL DEFAULT '',
  `option_value` longtext NOT NULL,
  `autoload` varchar(20) NOT NULL DEFAULT 'yes',
  PRIMARY KEY (`option_id`),
  UNIQUE KEY `option_name` (`option_name`)
) ENGINE=MyISAM  DEFAULT CHARSET=utf8 AUTO_INCREMENT=412 ;

--
-- Dumping data for table `ktoptions`
--

INSERT INTO `ktoptions` (`option_id`, `blog_id`, `option_name`, `option_value`, `autoload`) VALUES
(1, 0, 'siteurl', 'http://architechgreen.com ', 'yes'),
(2, 0, 'blogname', 'kientruc', 'yes'),
(3, 0, 'blogdescription', 'Just another WordPress site', 'yes'),
(4, 0, 'users_can_register', '0', 'yes'),
(5, 0, 'admin_email', 'trungnguyenthanh70@gmail.com', 'yes'),
(6, 0, 'start_of_week', '1', 'yes'),
(7, 0, 'use_balanceTags', '0', 'yes'),
(8, 0, 'use_smilies', '1', 'yes'),
(9, 0, 'require_name_email', '1', 'yes'),
(10, 0, 'comments_notify', '1', 'yes'),
(11, 0, 'posts_per_rss', '10', 'yes'),
(12, 0, 'rss_use_excerpt', '0', 'yes'),
(13, 0, 'mailserver_url', 'mail.example.com', 'yes'),
(14, 0, 'mailserver_login', 'login@example.com', 'yes'),
(15, 0, 'mailserver_pass', 'password', 'yes'),
(16, 0, 'mailserver_port', '110', 'yes'),
(17, 0, 'default_category', '1', 'yes'),
(18, 0, 'default_comment_status', 'open', 'yes'),
(19, 0, 'default_ping_status', 'open', 'yes'),
(20, 0, 'default_pingback_flag', '1', 'yes'),
(21, 0, 'default_post_edit_rows', '10', 'yes'),
(22, 0, 'posts_per_page', '20', 'yes'),
(23, 0, 'date_format', 'F j, Y', 'yes'),
(24, 0, 'time_format', 'g:i a', 'yes'),
(25, 0, 'links_updated_date_format', 'F j, Y g:i a', 'yes'),
(26, 0, 'links_recently_updated_prepend', '<em>', 'yes'),
(27, 0, 'links_recently_updated_append', '</em>', 'yes'),
(28, 0, 'links_recently_updated_time', '120', 'yes'),
(29, 0, 'comment_moderation', '0', 'yes'),
(30, 0, 'moderation_notify', '1', 'yes'),
(31, 0, 'permalink_structure', '', 'yes'),
(32, 0, 'gzipcompression', '0', 'yes'),
(33, 0, 'hack_file', '0', 'yes'),
(34, 0, 'blog_charset', 'UTF-8', 'yes'),
(35, 0, 'moderation_keys', '', 'no'),
(36, 0, 'active_plugins', 'a:2:{i:0;s:52:"wp-multi-language-changer/wpmultilanguagechanger.php";i:1;s:35:"wp-page-numbers/wp-page-numbers.php";}', 'yes'),
(37, 0, 'home', 'http://architechgreen.com ', 'yes'),
(38, 0, 'category_base', '', 'yes'),
(39, 0, 'ping_sites', 'http://rpc.pingomatic.com/', 'yes'),
(40, 0, 'advanced_edit', '0', 'yes'),
(41, 0, 'comment_max_links', '2', 'yes'),
(42, 0, 'gmt_offset', '0', 'yes'),
(43, 0, 'default_email_category', '1', 'yes'),
(44, 0, 'recently_edited', '', 'no'),
(45, 0, 'template', 'artritect', 'yes'),
(46, 0, 'stylesheet', 'artritect', 'yes'),
(47, 0, 'comment_whitelist', '1', 'yes'),
(48, 0, 'blacklist_keys', '', 'no'),
(49, 0, 'comment_registration', '0', 'yes'),
(50, 0, 'rss_language', 'en', 'yes'),
(51, 0, 'html_type', 'text/html', 'yes'),
(52, 0, 'use_trackback', '0', 'yes'),
(53, 0, 'default_role', 'subscriber', 'yes'),
(54, 0, 'db_version', '18226', 'yes'),
(55, 0, 'uploads_use_yearmonth_folders', '1', 'yes'),
(56, 0, 'upload_path', '', 'yes'),
(57, 0, 'blog_public', '1', 'yes'),
(58, 0, 'default_link_category', '2', 'yes'),
(59, 0, 'show_on_front', 'posts', 'yes'),
(60, 0, 'tag_base', '', 'yes'),
(61, 0, 'show_avatars', '1', 'yes'),
(62, 0, 'avatar_rating', 'G', 'yes'),
(63, 0, 'upload_url_path', '', 'yes'),
(64, 0, 'thumbnail_size_w', '150', 'yes'),
(65, 0, 'thumbnail_size_h', '150', 'yes'),
(66, 0, 'thumbnail_crop', '1', 'yes'),
(67, 0, 'medium_size_w', '300', 'yes'),
(68, 0, 'medium_size_h', '300', 'yes'),
(69, 0, 'avatar_default', 'mystery', 'yes'),
(70, 0, 'enable_app', '0', 'yes'),
(71, 0, 'enable_xmlrpc', '0', 'yes'),
(72, 0, 'large_size_w', '1024', 'yes'),
(73, 0, 'large_size_h', '1024', 'yes'),
(74, 0, 'image_default_link_type', 'file', 'yes'),
(75, 0, 'image_default_size', '', 'yes'),
(76, 0, 'image_default_align', '', 'yes'),
(77, 0, 'close_comments_for_old_posts', '0', 'yes'),
(78, 0, 'close_comments_days_old', '14', 'yes'),
(79, 0, 'thread_comments', '1', 'yes'),
(80, 0, 'thread_comments_depth', '5', 'yes'),
(81, 0, 'page_comments', '0', 'yes'),
(82, 0, 'comments_per_page', '50', 'yes'),
(83, 0, 'default_comments_page', 'newest', 'yes'),
(84, 0, 'comment_order', 'asc', 'yes'),
(85, 0, 'sticky_posts', 'a:0:{}', 'yes'),
(86, 0, 'widget_categories', 'a:2:{i:2;a:4:{s:5:"title";s:0:"";s:5:"count";i:0;s:12:"hierarchical";i:0;s:8:"dropdown";i:0;}s:12:"_multiwidget";i:1;}', 'yes'),
(87, 0, 'widget_text', 'a:2:{i:2;a:0:{}s:12:"_multiwidget";i:1;}', 'yes'),
(88, 0, 'widget_rss', 'a:2:{i:2;a:0:{}s:12:"_multiwidget";i:1;}', 'yes'),
(89, 0, 'timezone_string', '', 'yes'),
(90, 0, 'embed_autourls', '1', 'yes'),
(91, 0, 'embed_size_w', '', 'yes'),
(92, 0, 'embed_size_h', '600', 'yes'),
(93, 0, 'page_for_posts', '0', 'yes'),
(94, 0, 'page_on_front', '0', 'yes'),
(95, 0, 'ktuser_roles', 'a:5:{s:13:"administrator";a:2:{s:4:"name";s:13:"Administrator";s:12:"capabilities";a:62:{s:13:"switch_themes";b:1;s:11:"edit_themes";b:1;s:16:"activate_plugins";b:1;s:12:"edit_plugins";b:1;s:10:"edit_users";b:1;s:10:"edit_files";b:1;s:14:"manage_options";b:1;s:17:"moderate_comments";b:1;s:17:"manage_categories";b:1;s:12:"manage_links";b:1;s:12:"upload_files";b:1;s:6:"import";b:1;s:15:"unfiltered_html";b:1;s:10:"edit_posts";b:1;s:17:"edit_others_posts";b:1;s:20:"edit_published_posts";b:1;s:13:"publish_posts";b:1;s:10:"edit_pages";b:1;s:4:"read";b:1;s:8:"level_10";b:1;s:7:"level_9";b:1;s:7:"level_8";b:1;s:7:"level_7";b:1;s:7:"level_6";b:1;s:7:"level_5";b:1;s:7:"level_4";b:1;s:7:"level_3";b:1;s:7:"level_2";b:1;s:7:"level_1";b:1;s:7:"level_0";b:1;s:17:"edit_others_pages";b:1;s:20:"edit_published_pages";b:1;s:13:"publish_pages";b:1;s:12:"delete_pages";b:1;s:19:"delete_others_pages";b:1;s:22:"delete_published_pages";b:1;s:12:"delete_posts";b:1;s:19:"delete_others_posts";b:1;s:22:"delete_published_posts";b:1;s:20:"delete_private_posts";b:1;s:18:"edit_private_posts";b:1;s:18:"read_private_posts";b:1;s:20:"delete_private_pages";b:1;s:18:"edit_private_pages";b:1;s:18:"read_private_pages";b:1;s:12:"delete_users";b:1;s:12:"create_users";b:1;s:17:"unfiltered_upload";b:1;s:14:"edit_dashboard";b:1;s:14:"update_plugins";b:1;s:14:"delete_plugins";b:1;s:15:"install_plugins";b:1;s:13:"update_themes";b:1;s:14:"install_themes";b:1;s:11:"update_core";b:1;s:10:"list_users";b:1;s:12:"remove_users";b:1;s:9:"add_users";b:1;s:13:"promote_users";b:1;s:18:"edit_theme_options";b:1;s:13:"delete_themes";b:1;s:6:"export";b:1;}}s:6:"editor";a:2:{s:4:"name";s:6:"Editor";s:12:"capabilities";a:34:{s:17:"moderate_comments";b:1;s:17:"manage_categories";b:1;s:12:"manage_links";b:1;s:12:"upload_files";b:1;s:15:"unfiltered_html";b:1;s:10:"edit_posts";b:1;s:17:"edit_others_posts";b:1;s:20:"edit_published_posts";b:1;s:13:"publish_posts";b:1;s:10:"edit_pages";b:1;s:4:"read";b:1;s:7:"level_7";b:1;s:7:"level_6";b:1;s:7:"level_5";b:1;s:7:"level_4";b:1;s:7:"level_3";b:1;s:7:"level_2";b:1;s:7:"level_1";b:1;s:7:"level_0";b:1;s:17:"edit_others_pages";b:1;s:20:"edit_published_pages";b:1;s:13:"publish_pages";b:1;s:12:"delete_pages";b:1;s:19:"delete_others_pages";b:1;s:22:"delete_published_pages";b:1;s:12:"delete_posts";b:1;s:19:"delete_others_posts";b:1;s:22:"delete_published_posts";b:1;s:20:"delete_private_posts";b:1;s:18:"edit_private_posts";b:1;s:18:"read_private_posts";b:1;s:20:"delete_private_pages";b:1;s:18:"edit_private_pages";b:1;s:18:"read_private_pages";b:1;}}s:6:"author";a:2:{s:4:"name";s:6:"Author";s:12:"capabilities";a:10:{s:12:"upload_files";b:1;s:10:"edit_posts";b:1;s:20:"edit_published_posts";b:1;s:13:"publish_posts";b:1;s:4:"read";b:1;s:7:"level_2";b:1;s:7:"level_1";b:1;s:7:"level_0";b:1;s:12:"delete_posts";b:1;s:22:"delete_published_posts";b:1;}}s:11:"contributor";a:2:{s:4:"name";s:11:"Contributor";s:12:"capabilities";a:5:{s:10:"edit_posts";b:1;s:4:"read";b:1;s:7:"level_1";b:1;s:7:"level_0";b:1;s:12:"delete_posts";b:1;}}s:10:"subscriber";a:2:{s:4:"name";s:10:"Subscriber";s:12:"capabilities";a:2:{s:4:"read";b:1;s:7:"level_0";b:1;}}}', 'yes'),
(96, 0, 'widget_search', 'a:2:{i:2;a:1:{s:5:"title";s:0:"";}s:12:"_multiwidget";i:1;}', 'yes'),
(97, 0, 'widget_recent-posts', 'a:2:{i:2;a:2:{s:5:"title";s:0:"";s:6:"number";i:5;}s:12:"_multiwidget";i:1;}', 'yes'),
(98, 0, 'widget_recent-comments', 'a:2:{i:2;a:2:{s:5:"title";s:0:"";s:6:"number";i:5;}s:12:"_multiwidget";i:1;}', 'yes'),
(99, 0, 'widget_archives', 'a:2:{i:2;a:3:{s:5:"title";s:0:"";s:5:"count";i:0;s:8:"dropdown";i:0;}s:12:"_multiwidget";i:1;}', 'yes'),
(100, 0, 'widget_meta', 'a:2:{i:2;a:1:{s:5:"title";s:0:"";}s:12:"_multiwidget";i:1;}', 'yes'),
(101, 0, 'sidebars_widgets', 'a:5:{s:19:"wp_inactive_widgets";a:14:{i:0;s:7:"pages-2";i:1;s:10:"calendar-2";i:2;s:7:"links-2";i:3;s:6:"text-2";i:4;s:5:"rss-2";i:5;s:11:"tag_cloud-2";i:6;s:10:"nav_menu-2";i:7;s:12:"qtranslate-2";i:8;s:8:"search-2";i:9;s:14:"recent-posts-2";i:10;s:17:"recent-comments-2";i:11;s:10:"archives-2";i:12;s:12:"categories-2";i:13;s:6:"meta-2";}s:9:"sidebar-1";a:0:{}s:9:"sidebar-2";a:0:{}s:9:"sidebar-3";a:1:{i:0;s:12:"qtranslate-3";}s:13:"array_version";i:3;}', 'yes'),
(102, 0, 'cron', 'a:8:{i:1312712106;a:1:{s:12:"qs_cron_hook";a:1:{s:32:"40cd750bba9870f18aada2478b24840a";a:3:{s:8:"schedule";s:6:"hourly";s:4:"args";a:0:{}s:8:"interval";i:3600;}}}i:1314724971;a:1:{s:19:"publish_future_post";a:1:{s:32:"d4745e82aecb406b29b31e88c9ff0e4a";a:2:{s:8:"schedule";b:0;s:4:"args";a:1:{i:0;i:1;}}}}i:1315135912;a:1:{s:19:"publish_future_post";a:1:{s:32:"b76accc01229b487518cb150a88235da";a:2:{s:8:"schedule";b:0;s:4:"args";a:1:{i:0;i:34;}}}}i:1315135935;a:1:{s:19:"publish_future_post";a:1:{s:32:"1116d9ef00bc7112389bca5c44a23a14";a:2:{s:8:"schedule";b:0;s:4:"args";a:1:{i:0;i:36;}}}}i:1315137051;a:1:{s:19:"publish_future_post";a:1:{s:32:"d500441b538711fa00c3ef048e23faf3";a:2:{s:8:"schedule";b:0;s:4:"args";a:1:{i:0;i:51;}}}}i:1315416173;a:3:{s:16:"wp_version_check";a:1:{s:32:"40cd750bba9870f18aada2478b24840a";a:3:{s:8:"schedule";s:10:"twicedaily";s:4:"args";a:0:{}s:8:"interval";i:43200;}}s:17:"wp_update_plugins";a:1:{s:32:"40cd750bba9870f18aada2478b24840a";a:3:{s:8:"schedule";s:10:"twicedaily";s:4:"args";a:0:{}s:8:"interval";i:43200;}}s:16:"wp_update_themes";a:1:{s:32:"40cd750bba9870f18aada2478b24840a";a:3:{s:8:"schedule";s:10:"twicedaily";s:4:"args";a:0:{}s:8:"interval";i:43200;}}}i:1315416178;a:1:{s:19:"wp_scheduled_delete";a:1:{s:32:"40cd750bba9870f18aada2478b24840a";a:3:{s:8:"schedule";s:5:"daily";s:4:"args";a:0:{}s:8:"interval";i:86400;}}}s:7:"version";i:2;}', 'yes'),
(103, 0, '_transient_doing_cron', '1312709951', 'yes'),
(410, 0, '_site_transient_timeout_theme_roots', '1312635776', 'yes'),
(411, 0, '_site_transient_theme_roots', 'a:1:{s:9:"artritect";s:7:"/themes";}', 'yes'),
(109, 0, 'widget_pages', 'a:2:{i:2;a:0:{}s:12:"_multiwidget";i:1;}', 'yes'),
(143, 0, 'default_post_format', '0', 'yes'),
(108, 0, '_site_transient_update_themes', 'O:8:"stdClass":3:{s:12:"last_checked";i:1312612605;s:7:"checked";a:2:{s:2:"A+";s:0:"";s:9:"artritect";s:0:"";}s:8:"response";a:0:{}}', 'yes'),
(110, 0, 'widget_calendar', 'a:2:{i:2;a:0:{}s:12:"_multiwidget";i:1;}', 'yes'),
(111, 0, 'widget_links', 'a:2:{i:2;a:0:{}s:12:"_multiwidget";i:1;}', 'yes'),
(112, 0, 'widget_tag_cloud', 'a:2:{i:2;a:0:{}s:12:"_multiwidget";i:1;}', 'yes'),
(113, 0, 'widget_nav_menu', 'a:2:{i:2;a:0:{}s:12:"_multiwidget";i:1;}', 'yes'),
(114, 0, 'dashboard_widget_options', 'a:4:{s:25:"dashboard_recent_comments";a:1:{s:5:"items";i:5;}s:24:"dashboard_incoming_links";a:5:{s:4:"home";s:19:"http://architechgreen.com ";s:4:"link";s:95:"http://blogsearch.google.com/blogsearch?scoring=d&partner=wordpress&q=link:http://architechgreen.com /";s:3:"url";s:128:"http://blogsearch.google.com/blogsearch_feeds?scoring=d&ie=utf-8&num=10&output=rss&partner=wordpress&q=link:http://architechgreen.com /";s:5:"items";i:10;s:9:"show_date";b:0;}s:17:"dashboard_primary";a:7:{s:4:"link";s:26:"http://wordpress.org/news/";s:3:"url";s:31:"http://wordpress.org/news/feed/";s:5:"title";s:14:"WordPress Blog";s:5:"items";i:2;s:12:"show_summary";i:1;s:11:"show_author";i:0;s:9:"show_date";i:1;}s:19:"dashboard_secondary";a:7:{s:4:"link";s:28:"http://planet.wordpress.org/";s:3:"url";s:33:"http://planet.wordpress.org/feed/";s:5:"title";s:20:"Other WordPress News";s:5:"items";i:5;s:12:"show_summary";i:0;s:11:"show_author";i:0;s:9:"show_date";i:0;}}', 'yes'),
(373, 0, 'current_theme', 'artritect', 'yes'),
(144, 0, 'db_upgraded', '', 'yes'),
(341, 0, '_transient_timeout_feed_mod_1a5f760f2e2b48827d4974a60857e7c2', '1315447376', 'no'),
(342, 0, '_transient_feed_mod_1a5f760f2e2b48827d4974a60857e7c2', '1315404176', 'no'),
(350, 0, '_site_transient_update_core', 'O:8:"stdClass":3:{s:7:"updates";a:1:{i:0;O:8:"stdClass":9:{s:8:"response";s:6:"latest";s:8:"download";s:40:"http://wordpress.org/wordpress-3.2.1.zip";s:6:"locale";s:5:"en_US";s:8:"packages";O:8:"stdClass":4:{s:4:"full";s:40:"http://wordpress.org/wordpress-3.2.1.zip";s:10:"no_content";s:51:"http://wordpress.org/wordpress-3.2.1-no-content.zip";s:11:"new_bundled";s:52:"http://wordpress.org/wordpress-3.2.1-new-bundled.zip";s:7:"partial";b:0;}s:7:"current";s:5:"3.2.1";s:11:"php_version";s:5:"5.2.4";s:13:"mysql_version";s:3:"5.0";s:11:"new_bundled";s:3:"3.2";s:15:"partial_version";s:0:"";}}s:12:"last_checked";i:1312612597;s:15:"version_checked";s:5:"3.2.1";}', 'yes'),
(374, 0, 'theme_mods_artritect', 'a:1:{i:0;b:0;}', 'yes'),
(375, 0, '_site_transient_timeout_poptags_40cd750bba9870f18aada2478b24840a', '1312625645', 'yes'),
(376, 0, '_site_transient_poptags_40cd750bba9870f18aada2478b24840a', 'a:40:{s:6:"widget";a:3:{s:4:"name";s:6:"widget";s:4:"slug";s:6:"widget";s:5:"count";s:4:"2477";}s:4:"post";a:3:{s:4:"name";s:4:"Post";s:4:"slug";s:4:"post";s:5:"count";s:4:"1672";}s:6:"plugin";a:3:{s:4:"name";s:6:"plugin";s:4:"slug";s:6:"plugin";s:5:"count";s:4:"1488";}s:5:"posts";a:3:{s:4:"name";s:5:"posts";s:4:"slug";s:5:"posts";s:5:"count";s:4:"1249";}s:5:"admin";a:3:{s:4:"name";s:5:"admin";s:4:"slug";s:5:"admin";s:5:"count";s:4:"1237";}s:7:"sidebar";a:3:{s:4:"name";s:7:"sidebar";s:4:"slug";s:7:"sidebar";s:5:"count";s:4:"1202";}s:8:"comments";a:3:{s:4:"name";s:8:"comments";s:4:"slug";s:8:"comments";s:5:"count";s:3:"881";}s:6:"images";a:3:{s:4:"name";s:6:"images";s:4:"slug";s:6:"images";s:5:"count";s:3:"809";}s:7:"twitter";a:3:{s:4:"name";s:7:"twitter";s:4:"slug";s:7:"twitter";s:5:"count";s:3:"778";}s:4:"page";a:3:{s:4:"name";s:4:"page";s:4:"slug";s:4:"page";s:5:"count";s:3:"758";}s:6:"google";a:3:{s:4:"name";s:6:"google";s:4:"slug";s:6:"google";s:5:"count";s:3:"739";}s:5:"links";a:3:{s:4:"name";s:5:"links";s:4:"slug";s:5:"links";s:5:"count";s:3:"686";}s:5:"image";a:3:{s:4:"name";s:5:"image";s:4:"slug";s:5:"image";s:5:"count";s:3:"675";}s:3:"seo";a:3:{s:4:"name";s:3:"seo";s:4:"slug";s:3:"seo";s:5:"count";s:3:"600";}s:3:"rss";a:3:{s:4:"name";s:3:"rss";s:4:"slug";s:3:"rss";s:5:"count";s:3:"530";}s:7:"gallery";a:3:{s:4:"name";s:7:"gallery";s:4:"slug";s:7:"gallery";s:5:"count";s:3:"517";}s:7:"widgets";a:3:{s:4:"name";s:7:"widgets";s:4:"slug";s:7:"widgets";s:5:"count";s:3:"445";}s:5:"pages";a:3:{s:4:"name";s:5:"pages";s:4:"slug";s:5:"pages";s:5:"count";s:3:"443";}s:4:"ajax";a:3:{s:4:"name";s:4:"AJAX";s:4:"slug";s:4:"ajax";s:5:"count";s:3:"439";}s:9:"wordpress";a:3:{s:4:"name";s:9:"wordpress";s:4:"slug";s:9:"wordpress";s:5:"count";s:3:"430";}s:8:"facebook";a:3:{s:4:"name";s:8:"Facebook";s:4:"slug";s:8:"facebook";s:5:"count";s:3:"428";}s:6:"social";a:3:{s:4:"name";s:6:"social";s:4:"slug";s:6:"social";s:5:"count";s:3:"400";}s:9:"shortcode";a:3:{s:4:"name";s:9:"shortcode";s:4:"slug";s:9:"shortcode";s:5:"count";s:3:"389";}s:6:"jquery";a:3:{s:4:"name";s:6:"jquery";s:4:"slug";s:6:"jquery";s:5:"count";s:3:"379";}s:10:"javascript";a:3:{s:4:"name";s:10:"javascript";s:4:"slug";s:10:"javascript";s:5:"count";s:3:"373";}s:4:"feed";a:3:{s:4:"name";s:4:"feed";s:4:"slug";s:4:"feed";s:5:"count";s:3:"355";}s:10:"buddypress";a:3:{s:4:"name";s:10:"buddypress";s:4:"slug";s:10:"buddypress";s:5:"count";s:3:"354";}s:5:"photo";a:3:{s:4:"name";s:5:"photo";s:4:"slug";s:5:"photo";s:5:"count";s:3:"354";}s:5:"video";a:3:{s:4:"name";s:5:"video";s:4:"slug";s:5:"video";s:5:"count";s:3:"350";}s:5:"email";a:3:{s:4:"name";s:5:"email";s:4:"slug";s:5:"email";s:5:"count";s:3:"345";}s:5:"media";a:3:{s:4:"name";s:5:"media";s:4:"slug";s:5:"media";s:5:"count";s:3:"345";}s:6:"photos";a:3:{s:4:"name";s:6:"photos";s:4:"slug";s:6:"photos";s:5:"count";s:3:"340";}s:5:"flash";a:3:{s:4:"name";s:5:"flash";s:4:"slug";s:5:"flash";s:5:"count";s:3:"328";}s:4:"tags";a:3:{s:4:"name";s:4:"tags";s:4:"slug";s:4:"tags";s:5:"count";s:3:"318";}s:5:"stats";a:3:{s:4:"name";s:5:"stats";s:4:"slug";s:5:"stats";s:5:"count";s:3:"312";}s:4:"link";a:3:{s:4:"name";s:4:"link";s:4:"slug";s:4:"link";s:5:"count";s:3:"309";}s:7:"content";a:3:{s:4:"name";s:7:"content";s:4:"slug";s:7:"content";s:5:"count";s:3:"301";}s:8:"category";a:3:{s:4:"name";s:8:"category";s:4:"slug";s:8:"category";s:5:"count";s:3:"289";}s:7:"comment";a:3:{s:4:"name";s:7:"comment";s:4:"slug";s:7:"comment";s:5:"count";s:3:"289";}s:4:"spam";a:3:{s:4:"name";s:4:"spam";s:4:"slug";s:4:"spam";s:5:"count";s:3:"283";}}', 'yes'),
(355, 0, 'theme_mods_twentyten', 'a:1:{i:0;b:0;}', 'yes'),
(352, 0, 'theme_mods_tigopedia-reloaded', 'a:1:{i:0;b:0;}', 'yes'),
(362, 0, 'wp_page_numbers_array', 'a:14:{s:20:"head_stylesheetsheet";s:2:"on";s:32:"head_stylesheetsheet_folder_name";s:0:"";s:12:"page_of_page";s:2:"on";s:17:"page_of_page_text";s:0:"";s:10:"page_of_of";s:0:"";s:14:"next_prev_text";s:2:"on";s:22:"show_start_end_numbers";s:2:"on";s:17:"show_page_numbers";s:2:"on";s:11:"limit_pages";s:0:"";s:8:"nextpage";s:0:"";s:8:"prevpage";s:0:"";s:10:"startspace";s:0:"";s:8:"endspace";s:0:"";s:11:"style_theme";s:7:"classic";}', 'yes'),
(361, 0, '_transient_plugins_delete_result_1', '1', 'yes'),
(378, 0, 'qtranslate_next_update_mo', '1313221198', 'yes'),
(379, 0, 'widget_qtranslate', 'a:3:{i:2;a:0:{}i:3;a:3:{s:5:"title";s:0:"";s:4:"type";s:5:"image";s:10:"hide-title";s:2:"on";}s:12:"_multiwidget";i:1;}', 'yes'),
(400, 0, '_site_transient_update_plugins', 'O:8:"stdClass":3:{s:12:"last_checked";i:1312616355;s:7:"checked";a:4:{s:25:"qtranslate/qtranslate.php";s:6:"2.5.24";s:43:"related-posts-by-category/related_posts.php";s:5:"0.9.1";s:52:"wp-multi-language-changer/wpmultilanguagechanger.php";s:3:"0.5";s:35:"wp-page-numbers/wp-page-numbers.php";s:3:"0.5";}s:8:"response";a:0:{}}', 'yes'),
(380, 0, 'qtranslate_language_names', 'a:15:{s:2:"de";s:7:"Deutsch";s:2:"en";s:7:"English";s:2:"zh";s:6:"中文";s:2:"fi";s:5:"suomi";s:2:"fr";s:9:"Français";s:2:"nl";s:10:"Nederlands";s:2:"sv";s:7:"Svenska";s:2:"it";s:8:"Italiano";s:2:"ro";s:8:"Română";s:2:"hu";s:6:"Magyar";s:2:"ja";s:9:"日本語";s:2:"es";s:8:"Español";s:2:"ar";s:14:"العربية";s:2:"pt";s:10:"Português";s:2:"vi";s:14:"Tiếng Việt";}', 'yes'),
(381, 0, 'qtranslate_enabled_languages', 'a:2:{i:0;s:2:"en";i:1;s:2:"vi";}', 'yes'),
(382, 0, 'qtranslate_default_language', 'vi', 'yes'),
(383, 0, 'qtranslate_flag_location', 'plugins/qtranslate/flags/', 'yes'),
(384, 0, 'qtranslate_flags', 'a:15:{s:2:"en";s:6:"gb.png";s:2:"de";s:6:"de.png";s:2:"zh";s:6:"cn.png";s:2:"fi";s:6:"fi.png";s:2:"fr";s:6:"fr.png";s:2:"nl";s:6:"nl.png";s:2:"sv";s:6:"se.png";s:2:"it";s:6:"it.png";s:2:"ro";s:6:"ro.png";s:2:"hu";s:6:"hu.png";s:2:"ja";s:6:"jp.png";s:2:"es";s:6:"es.png";s:2:"ar";s:8:"arle.png";s:2:"pt";s:6:"br.png";s:2:"vi";s:6:"vn.png";}', 'yes'),
(385, 0, 'qtranslate_locales', 'a:15:{s:2:"de";s:5:"de_DE";s:2:"en";s:5:"en_US";s:2:"zh";s:5:"zh_CN";s:2:"fi";s:2:"fi";s:2:"fr";s:5:"fr_FR";s:2:"nl";s:5:"nl_NL";s:2:"se";s:5:"sv_SE";s:2:"it";s:5:"it_IT";s:2:"ro";s:5:"ro_RO";s:2:"hu";s:5:"hu_HU";s:2:"ja";s:2:"ja";s:2:"es";s:5:"es_ES";s:2:"ar";s:2:"ar";s:2:"pt";s:5:"pt_BR";s:2:"vi";s:2:"vi";}', 'yes'),
(386, 0, 'qtranslate_na_messages', 'a:15:{s:2:"de";s:58:"Leider ist der Eintrag nur auf %LANG:, : und % verfügbar.";s:2:"en";s:55:"Sorry, this entry is only available in %LANG:, : and %.";s:2:"zh";s:50:"对不起，此内容只适用于%LANG:，:和%。";s:2:"fi";s:92:"Anteeksi, mutta tämä kirjoitus on saatavana ainoastaan näillä kielillä: %LANG:, : ja %.";s:2:"fr";s:65:"Désolé, cet article est seulement disponible en %LANG:, : et %.";s:2:"nl";s:78:"Onze verontschuldigingen, dit bericht is alleen beschikbaar in %LANG:, : en %.";s:2:"sv";s:66:"Tyvärr är denna artikel enbart tillgänglig på %LANG:, : och %.";s:2:"it";s:71:"Ci spiace, ma questo articolo è disponibile soltanto in %LANG:, : e %.";s:2:"ro";s:67:"Din păcate acest articol este disponibil doar în %LANG:, : și %.";s:2:"hu";s:73:"Sajnos ennek a bejegyzésnek csak %LANG:, : és % nyelvű változata van.";s:2:"ja";s:97:"申し訳ありません、このコンテンツはただ今　%LANG:、 :と %　のみです。";s:2:"es";s:68:"Disculpa, pero esta entrada está disponible sólo en %LANG:, : y %.";s:2:"ar";s:73:"عفوا، هذه المدخلة موجودة فقط في %LANG:, : و %.";s:2:"pt";s:70:"Desculpe-nos, mas este texto esta apenas disponível em %LANG:, : y %.";s:2:"vi";s:63:"Rất tiếc, mục này chỉ tồn tại ở %LANG:, : và %.";}', 'yes'),
(387, 0, 'qtranslate_date_formats', 'a:15:{s:2:"en";s:14:"%A %B %e%q, %Y";s:2:"de";s:17:"%A, der %e. %B %Y";s:2:"zh";s:5:"%x %A";s:2:"fi";s:8:"%e.&m.%C";s:2:"fr";s:11:"%A %e %B %Y";s:2:"nl";s:8:"%d/%m/%y";s:2:"sv";s:8:"%Y/%m/%d";s:2:"it";s:8:"%e %B %Y";s:2:"ro";s:12:"%A, %e %B %Y";s:2:"hu";s:12:"%Y %B %e, %A";s:2:"ja";s:15:"%Y年%m月%d日";s:2:"es";s:14:"%d de %B de %Y";s:2:"ar";s:8:"%d/%m/%Y";s:2:"pt";s:14:"%d de %B de %Y";s:2:"vi";s:8:"%d/%m/%Y";}', 'yes'),
(388, 0, 'qtranslate_time_formats', 'a:15:{s:2:"en";s:8:"%I:%M %p";s:2:"de";s:5:"%H:%M";s:2:"zh";s:7:"%I:%M%p";s:2:"fi";s:5:"%H:%M";s:2:"fr";s:5:"%H:%M";s:2:"nl";s:5:"%H:%M";s:2:"sv";s:5:"%H:%M";s:2:"it";s:5:"%H:%M";s:2:"ro";s:5:"%H:%M";s:2:"hu";s:5:"%H:%M";s:2:"ja";s:5:"%H:%M";s:2:"es";s:10:"%H:%M hrs.";s:2:"ar";s:5:"%H:%M";s:2:"pt";s:10:"%H:%M hrs.";s:2:"vi";s:5:"%H:%M";}', 'yes'),
(389, 0, 'qtranslate_ignore_file_types', 'gif,jpg,jpeg,png,pdf,swf,tif,rar,zip,7z,mpg,divx,mpeg,avi,css,js', 'yes'),
(390, 0, 'qtranslate_url_mode', '1', 'yes'),
(391, 0, 'qtranslate_term_name', 'a:4:{s:8:"Products";a:2:{s:2:"en";s:8:"Products";s:2:"vi";s:12:"công trình";}s:11:"Kết Nối";a:2:{s:2:"en";s:7:"Connect";s:2:"vi";s:11:"Kết Nối";}s:15:"Nhà Cung Cấp";a:2:{s:2:"en";s:8:"Supplier";s:2:"vi";s:15:"Nhà Cung Cấp";}s:12:"công trình";a:2:{s:2:"en";s:12:"công trình";s:2:"vi";s:12:"công trình";}}', 'yes'),
(392, 0, 'qtranslate_use_strftime', '3', 'yes'),
(393, 0, 'qtranslate_detect_browser_language', '1', 'yes'),
(394, 0, 'qtranslate_hide_untranslated', '0', 'yes'),
(395, 0, 'qtranslate_auto_update_mo', '1', 'yes'),
(396, 0, 'qtranslate_hide_default_language', '1', 'yes'),
(397, 0, 'qtranslate_qtranslate_services', '1', 'yes'),
(398, 0, 'qs_service_settings', 'a:0:{}', 'yes'),
(321, 0, '_transient_timeout_feed_954cedecf1cb0229f0e08bee6df4c4da', '1315447343', 'no'),
(322, 0, '_transient_feed_954cedecf1cb0229f0e08bee6df4c4da', 'a:4:{s:5:"child";a:1:{s:0:"";a:1:{s:3:"rss";a:1:{i:0;a:6:{s:4:"data";s:4:"\n  \n";s:7:"attribs";a:1:{s:0:"";a:1:{s:7:"version";s:3:"2.0";}}s:8:"xml_base";s:0:"";s:17:"xml_base_explicit";b:0;s:8:"xml_lang";s:0:"";s:5:"child";a:1:{s:0:"";a:1:{s:7:"channel";a:1:{i:0;a:6:{s:4:"data";s:83:"\n    \n    \n    \n    \n    \n    \n    \n    \n    \n    \n    \n    \n    \n    \n    \n    \n  ";s:7:"attribs";a:0:{}s:8:"xml_base";s:0:"";s:17:"xml_base_explicit";b:0;s:8:"xml_lang";s:0:"";s:5:"child";a:2:{s:0:"";a:4:{s:5:"title";a:1:{i:0;a:5:{s:4:"data";s:46:"link:http://localhost/A / - Google Blog Search";s:7:"attribs";a:0:{}s:8:"xml_base";s:0:"";s:17:"xml_base_explicit";b:0;s:8:"xml_lang";s:0:"";}}s:4:"link";a:1:{i:0;a:5:{s:4:"data";s:83:"http://www.google.com/search?ie=utf-8&q=link:http://architechgreen.com /&tbm=blg&tbs=sbd:1";s:7:"attribs";a:0:{}s:8:"xml_base";s:0:"";s:17:"xml_base_explicit";b:0;s:8:"xml_lang";s:0:"";}}s:11:"description";a:1:{i:0;a:5:{s:4:"data";s:90:"Results <b>1</b> - <b>10</b> of about <b>147,000</b> for <b>link:http://localhost/A /</b>.";s:7:"attribs";a:0:{}s:8:"xml_base";s:0:"";s:17:"xml_base_explicit";b:0;s:8:"xml_lang";s:0:"";}}s:4:"item";a:10:{i:0;a:6:{s:4:"data";s:47:"\n      \n      \n      \n      \n      \n      \n    ";s:7:"attribs";a:0:{}s:8:"xml_base";s:0:"";s:17:"xml_base_explicit";b:0;s:8:"xml_lang";s:0:"";s:5:"child";a:2:{s:0:"";a:3:{s:5:"title";a:1:{i:0;a:5:{s:4:"data";s:75:"Toca Digital » Como criar um banco de dados que gerencie outras <b>...</b>";s:7:"attribs";a:0:{}s:8:"xml_base";s:0:"";s:17:"xml_base_explicit";b:0;s:8:"xml_lang";s:0:"";}}s:4:"link";a:1:{i:0;a:5:{s:4:"data";s:240:"http://www.tocadigital.com.br/2011/08/03/como-criar-um-banco-de-dados-que-gerencie-outras-bases-de-dados-independentes/?utm_source=rss&utm_medium=rss&utm_campaign=como-criar-um-banco-de-dados-que-gerencie-outras-bases-de-dados-independentes";s:7:"attribs";a:0:{}s:8:"xml_base";s:0:"";s:17:"xml_base_explicit";b:0;s:8:"xml_lang";s:0:"";}}s:11:"description";a:1:{i:0;a:5:{s:4:"data";s:611:"submit();&lt;/script&gt;&#39;; break; default: echo &#39;&lt;META <em>HTTP</em>-EQUIV=&quot;Refresh&quot; CONTENT=&quot;0;URL=&#39;.$url.&#39;&quot;&gt;&#39;; } } $id_new=&quot;SELECT id_evento from $banco_sistema_global.opus_regra_geral where 1 order by id_evento DESC Limit 1 &quot;; $sql_config=mysql_query($ id_new) or die(&quot;erro <b>...</b> diretorio; $caminho=$dir_remoto; } } else{ if($_SERVER[&#39;HTTP_HOST&#39;]==&#39;<em>localhost</em>&#39;){ $diretorio=$dir_local; echo &#39;leu local: &#39;.$diretorio; $caminho=$dir_local; } else{ $diretorio=$dir_remoto; echo &#39;leu remoto: &#39;. <b>...</b>";s:7:"attribs";a:0:{}s:8:"xml_base";s:0:"";s:17:"xml_base_explicit";b:0;s:8:"xml_lang";s:0:"";}}}s:32:"http://purl.org/dc/elements/1.1/";a:3:{s:9:"publisher";a:1:{i:0;a:5:{s:4:"data";s:12:"Toca Digital";s:7:"attribs";a:0:{}s:8:"xml_base";s:0:"";s:17:"xml_base_explicit";b:0;s:8:"xml_lang";s:0:"";}}s:7:"creator";a:1:{i:0;a:5:{s:4:"data";s:4:"Ivan";s:7:"attribs";a:0:{}s:8:"xml_base";s:0:"";s:17:"xml_base_explicit";b:0;s:8:"xml_lang";s:0:"";}}s:4:"date";a:1:{i:0;a:5:{s:4:"data";s:29:"Wed, 03 Aug 2011 13:52:51 GMT";s:7:"attribs";a:0:{}s:8:"xml_base";s:0:"";s:17:"xml_base_explicit";b:0;s:8:"xml_lang";s:0:"";}}}}}i:1;a:6:{s:4:"data";s:47:"\n      \n      \n      \n      \n      \n      \n    ";s:7:"attribs";a:0:{}s:8:"xml_base";s:0:"";s:17:"xml_base_explicit";b:0;s:8:"xml_lang";s:0:"";s:5:"child";a:2:{s:0:"";a:3:{s:5:"title";a:1:{i:0;a:5:{s:4:"data";s:80:"David Draper&#39;s Blog » Blog Archive » Customizing Alfresco Share <b>...</b>";s:7:"attribs";a:0:{}s:8:"xml_base";s:0:"";s:17:"xml_base_explicit";b:0;s:8:"xml_lang";s:0:"";}}s:4:"link";a:1:{i:0;a:5:{s:4:"data";s:91:"http://blogs.alfresco.com/wp/ddraper/2011/08/03/customizing-alfresco-share-i18n-properties/";s:7:"attribs";a:0:{}s:8:"xml_base";s:0:"";s:17:"xml_base_explicit";b:0;s:8:"xml_lang";s:0:"";}}s:11:"description";a:1:{i:0;a:5:{s:4:"data";s:533:"Open a new browser window or tab and enable SurfBug (<em>http</em>://<em>localhost</em>:8080/share/page/surfBugStatus – if you&#39;re using default port settings on your local machine). 3. Refresh the dashboard page and click on the title to see the information <b>...</b> Click on the <em>link</em> next to “Id” to see all the information about the Web Script. Screen shot showing Title Web Script basic information. 8. The key piece of information that we&#39;re looking for here is the package that the Web Script <b>...</b>";s:7:"attribs";a:0:{}s:8:"xml_base";s:0:"";s:17:"xml_base_explicit";b:0;s:8:"xml_lang";s:0:"";}}}s:32:"http://purl.org/dc/elements/1.1/";a:3:{s:9:"publisher";a:1:{i:0;a:5:{s:4:"data";s:19:"David Draper''s Blog";s:7:"attribs";a:0:{}s:8:"xml_base";s:0:"";s:17:"xml_base_explicit";b:0;s:8:"xml_lang";s:0:"";}}s:7:"creator";a:1:{i:0;a:5:{s:4:"data";s:7:"ddraper";s:7:"attribs";a:0:{}s:8:"xml_base";s:0:"";s:17:"xml_base_explicit";b:0;s:8:"xml_lang";s:0:"";}}s:4:"date";a:1:{i:0;a:5:{s:4:"data";s:29:"Wed, 03 Aug 2011 10:31:02 GMT";s:7:"attribs";a:0:{}s:8:"xml_base";s:0:"";s:17:"xml_base_explicit";b:0;s:8:"xml_lang";s:0:"";}}}}}i:2;a:6:{s:4:"data";s:47:"\n      \n      \n      \n      \n      \n      \n    ";s:7:"attribs";a:0:{}s:8:"xml_base";s:0:"";s:17:"xml_base_explicit";b:0;s:8:"xml_lang";s:0:"";s:5:"child";a:2:{s:0:"";a:3:{s:5:"title";a:1:{i:0;a:5:{s:4:"data";s:40:"Java Client – PHP Soapserver | devblog";s:7:"attribs";a:0:{}s:8:"xml_base";s:0:"";s:17:"xml_base_explicit";b:0;s:8:"xml_lang";s:0:"";}}s:4:"link";a:1:{i:0;a:5:{s:4:"data";s:72:"http://development.nedeco.de/blog/2011/08/03/java-client-php-soapserver/";s:7:"attribs";a:0:{}s:8:"xml_base";s:0:"";s:17:"xml_base_explicit";b:0;s:8:"xml_lang";s:0:"";}}s:11:"description";a:1:{i:0;a:5:{s:4:"data";s:671:"<b>...</b> Header(&quot;<em>HTTP</em>/1.0 401 Unauthorized&quot;); echo &quot;Sorry no login, no service\\n&quot;; exit; } else if ($_SERVER[&#39;PHP_AUTH_USER&#39;]==&#39;service&#39; &amp;&amp; $_SERVER[&#39;PHP_AUTH_PW&#39;] == &#39;ilovenedeco&#39;) { class db_connector { var $host = &quot;<em>localhost</em>&quot;; var $user = &quot; root&quot;; <b>...</b> this-&gt;db_link = new mysqli($host,$user,$pass,$dbname)) return new SoapFault(&#39;db_error&#39;, &#39;no database <em>link</em>&#39;, &#39;db_connector&#39;, &#39;&#39;); if (!$this-&gt;db_choose($dbname)) new SoapFault(&#39;db_error&#39;, &#39;non existing database&#39;, &#39;db_connector&#39;, <b>...</b>";s:7:"attribs";a:0:{}s:8:"xml_base";s:0:"";s:17:"xml_base_explicit";b:0;s:8:"xml_lang";s:0:"";}}}s:32:"http://purl.org/dc/elements/1.1/";a:3:{s:9:"publisher";a:1:{i:0;a:5:{s:4:"data";s:7:"devblog";s:7:"attribs";a:0:{}s:8:"xml_base";s:0:"";s:17:"xml_base_explicit";b:0;s:8:"xml_lang";s:0:"";}}s:7:"creator";a:1:{i:0;a:5:{s:4:"data";s:7:"abalsam";s:7:"attribs";a:0:{}s:8:"xml_base";s:0:"";s:17:"xml_base_explicit";b:0;s:8:"xml_lang";s:0:"";}}s:4:"date";a:1:{i:0;a:5:{s:4:"data";s:29:"Wed, 03 Aug 2011 10:26:20 GMT";s:7:"attribs";a:0:{}s:8:"xml_base";s:0:"";s:17:"xml_base_explicit";b:0;s:8:"xml_lang";s:0:"";}}}}}i:3;a:6:{s:4:"data";s:47:"\n      \n      \n      \n      \n      \n      \n    ";s:7:"attribs";a:0:{}s:8:"xml_base";s:0:"";s:17:"xml_base_explicit";b:0;s:8:"xml_lang";s:0:"";s:5:"child";a:2:{s:0:"";a:3:{s:5:"title";a:1:{i:0;a:5:{s:4:"data";s:63:"PHP MySQL Tutorial: Create a Simple View Counter -HD <b>...</b>";s:7:"attribs";a:0:{}s:8:"xml_base";s:0:"";s:17:"xml_base_explicit";b:0;s:8:"xml_lang";s:0:"";}}s:4:"link";a:1:{i:0;a:5:{s:4:"data";s:75:"http://playfulmonkey.me/php-mysql-tutorial-create-a-simple-view-counter-hd/";s:7:"attribs";a:0:{}s:8:"xml_base";s:0:"";s:17:"xml_base_explicit";b:0;s:8:"xml_lang";s:0:"";}}s:11:"description";a:1:{i:0;a:5:{s:4:"data";s:521:"Follow me on Twitter @RiverCityGraphx Like us on on facebook: on.fb.me Suggest tutorials at www.rivercitygraphix.com For project files, help forums, and more check out the website at <em>http</em> For business related inquires contact us at <b>....</b> If you want to open it, start Xampp and open the <em>link</em>: <em>localhost</em>/phpmyadmin in your favorite browser. alyzsmile4meeh. August 4th, 2011 at 12:00 AM. Reply. Hi Adam, i am using xampp and i wanted to know how to create my database for that? i <b>...</b>";s:7:"attribs";a:0:{}s:8:"xml_base";s:0:"";s:17:"xml_base_explicit";b:0;s:8:"xml_lang";s:0:"";}}}s:32:"http://purl.org/dc/elements/1.1/";a:3:{s:9:"publisher";a:1:{i:0;a:5:{s:4:"data";s:16:"playfulmonkey.me";s:7:"attribs";a:0:{}s:8:"xml_base";s:0:"";s:17:"xml_base_explicit";b:0;s:8:"xml_lang";s:0:"";}}s:7:"creator";a:1:{i:0;a:5:{s:4:"data";s:8:"playfulm";s:7:"attribs";a:0:{}s:8:"xml_base";s:0:"";s:17:"xml_base_explicit";b:0;s:8:"xml_lang";s:0:"";}}s:4:"date";a:1:{i:0;a:5:{s:4:"data";s:29:"Wed, 03 Aug 2011 09:55:20 GMT";s:7:"attribs";a:0:{}s:8:"xml_base";s:0:"";s:17:"xml_base_explicit";b:0;s:8:"xml_lang";s:0:"";}}}}}i:4;a:6:{s:4:"data";s:47:"\n      \n      \n      \n      \n      \n      \n    ";s:7:"attribs";a:0:{}s:8:"xml_base";s:0:"";s:17:"xml_base_explicit";b:0;s:8:"xml_lang";s:0:"";s:5:"child";a:2:{s:0:"";a:3:{s:5:"title";a:1:{i:0;a:5:{s:4:"data";s:35:"LibreOffice PPA | /<b>localhost</b>";s:7:"attribs";a:0:{}s:8:"xml_base";s:0:"";s:17:"xml_base_explicit";b:0;s:8:"xml_lang";s:0:"";}}s:4:"link";a:1:{i:0;a:5:{s:4:"data";s:32:"http://localhost.bdjl.de/?p=2258";s:7:"attribs";a:0:{}s:8:"xml_base";s:0:"";s:17:"xml_base_explicit";b:0;s:8:"xml_lang";s:0:"";}}s:11:"description";a:1:{i:0;a:5:{s:4:"data";s:273:"diolwe: Und er <em>Link</em> zum zitierten Artikel noch hinterher geschoben: <em>http</em>://www.heute.de/ZDFheute/inhalt/0/0,3672,8312224,00.html &middot; diolwe: Beckedahl hat&#39;s nicht kapiert: &quot;Was man im realen Leben niemals ernsthaft fordern würde, <b>...</b>";s:7:"attribs";a:0:{}s:8:"xml_base";s:0:"";s:17:"xml_base_explicit";b:0;s:8:"xml_lang";s:0:"";}}}s:32:"http://purl.org/dc/elements/1.1/";a:3:{s:9:"publisher";a:1:{i:0;a:5:{s:4:"data";s:10:"/localhost";s:7:"attribs";a:0:{}s:8:"xml_base";s:0:"";s:17:"xml_base_explicit";b:0;s:8:"xml_lang";s:0:"";}}s:7:"creator";a:1:{i:0;a:5:{s:4:"data";s:8:"d.weller";s:7:"attribs";a:0:{}s:8:"xml_base";s:0:"";s:17:"xml_base_explicit";b:0;s:8:"xml_lang";s:0:"";}}s:4:"date";a:1:{i:0;a:5:{s:4:"data";s:29:"Wed, 03 Aug 2011 09:50:34 GMT";s:7:"attribs";a:0:{}s:8:"xml_base";s:0:"";s:17:"xml_base_explicit";b:0;s:8:"xml_lang";s:0:"";}}}}}i:5;a:6:{s:4:"data";s:47:"\n      \n      \n      \n      \n      \n      \n    ";s:7:"attribs";a:0:{}s:8:"xml_base";s:0:"";s:17:"xml_base_explicit";b:0;s:8:"xml_lang";s:0:"";s:5:"child";a:2:{s:0:"";a:3:{s:5:"title";a:1:{i:0;a:5:{s:4:"data";s:69:"login multiuser codeigniter 2.0.2 « Blog programming and other&#39;s";s:7:"attribs";a:0:{}s:8:"xml_base";s:0:"";s:17:"xml_base_explicit";b:0;s:8:"xml_lang";s:0:"";}}s:4:"link";a:1:{i:0;a:5:{s:4:"data";s:80:"http://yaniarprayogo.wordpress.com/2011/08/03/login-multiuser-codeigniter-2-0-2/";s:7:"attribs";a:0:{}s:8:"xml_base";s:0:"";s:17:"xml_base_explicit";b:0;s:8:"xml_lang";s:0:"";}}s:11:"description";a:1:{i:0;a:5:{s:4:"data";s:753:"$config[&#39;base_url&#39;] = &#39;<em>http</em>://<em>localhost</em>/ci_cobo/&#39;;. config/database $db[&#39;default&#39;][&#39;hostname&#39;] = &#39;<em>localhost</em>&#39;; $db[&#39;default&#39;][&#39;username&#39;] = &#39;root&#39;; $db[&#39;default&#39;][&#39;password&#39;] = &#39;&#39;; $db[&#39;default&#39;][&#39;database&#39;] = &#39;inemos&#39;; $db[&#39;default&#39;][&#39; dbdriver&#39;] <b>...</b> &lt;html&gt; &lt;head&gt; &lt;title&gt;Inemos Server&lt;/title&gt; &lt;!-- this contain for jquery and other --&gt; &lt;<em>link</em> rel=&quot;stylesheet&quot; href=&quot;&lt;?php echo base_url() ?&gt;/assets/css/temp.css&quot; type=&quot;text/css&quot; media=&quot;screen&quot; /&gt; &lt;script type=&quot;text/javascript&quot; <b>...</b>";s:7:"attribs";a:0:{}s:8:"xml_base";s:0:"";s:17:"xml_base_explicit";b:0;s:8:"xml_lang";s:0:"";}}}s:32:"http://purl.org/dc/elements/1.1/";a:3:{s:9:"publisher";a:1:{i:0;a:5:{s:4:"data";s:28:"Blog programming and other''s";s:7:"attribs";a:0:{}s:8:"xml_base";s:0:"";s:17:"xml_base_explicit";b:0;s:8:"xml_lang";s:0:"";}}s:7:"creator";a:1:{i:0;a:5:{s:4:"data";s:14:"Yaniar Prayogo";s:7:"attribs";a:0:{}s:8:"xml_base";s:0:"";s:17:"xml_base_explicit";b:0;s:8:"xml_lang";s:0:"";}}s:4:"date";a:1:{i:0;a:5:{s:4:"data";s:29:"Wed, 03 Aug 2011 09:41:57 GMT";s:7:"attribs";a:0:{}s:8:"xml_base";s:0:"";s:17:"xml_base_explicit";b:0;s:8:"xml_lang";s:0:"";}}}}}i:6;a:6:{s:4:"data";s:47:"\n      \n      \n      \n      \n      \n      \n    ";s:7:"attribs";a:0:{}s:8:"xml_base";s:0:"";s:17:"xml_base_explicit";b:0;s:8:"xml_lang";s:0:"";s:5:"child";a:2:{s:0:"";a:3:{s:5:"title";a:1:{i:0;a:5:{s:4:"data";s:70:"Carmelo Saffioti&#39;s Blog: Configurare Apache2 con Tomcat6 su Ubuntu";s:7:"attribs";a:0:{}s:8:"xml_base";s:0:"";s:17:"xml_base_explicit";b:0;s:8:"xml_lang";s:0:"";}}s:4:"link";a:1:{i:0;a:5:{s:4:"data";s:83:"http://carmelosaffioti.blogspot.com/2011/08/configurare-apache2-con-tomcat6-su.html";s:7:"attribs";a:0:{}s:8:"xml_base";s:0:"";s:17:"xml_base_explicit";b:0;s:8:"xml_lang";s:0:"";}}s:11:"description";a:1:{i:0;a:5:{s:4:"data";s:265:"sudo nano /etc/apache2/<em>httpd</em>.conf. e incolliamo quanto segue: ServerAdmin webmaster@<em>localhost</em> DocumentRoot /var/www. Options FollowSymLinks AllowOverride None Options Indexes FollowSymLinks MultiViews AllowOverride None Order allow,deny <b>...</b>";s:7:"attribs";a:0:{}s:8:"xml_base";s:0:"";s:17:"xml_base_explicit";b:0;s:8:"xml_lang";s:0:"";}}}s:32:"http://purl.org/dc/elements/1.1/";a:3:{s:9:"publisher";a:1:{i:0;a:5:{s:4:"data";s:23:"Carmelo Saffioti''s Blog";s:7:"attribs";a:0:{}s:8:"xml_base";s:0:"";s:17:"xml_base_explicit";b:0;s:8:"xml_lang";s:0:"";}}s:7:"creator";a:1:{i:0;a:5:{s:4:"data";s:16:"Carmelo Saffioti";s:7:"attribs";a:0:{}s:8:"xml_base";s:0:"";s:17:"xml_base_explicit";b:0;s:8:"xml_lang";s:0:"";}}s:4:"date";a:1:{i:0;a:5:{s:4:"data";s:29:"Wed, 03 Aug 2011 09:16:00 GMT";s:7:"attribs";a:0:{}s:8:"xml_base";s:0:"";s:17:"xml_base_explicit";b:0;s:8:"xml_lang";s:0:"";}}}}}i:7;a:6:{s:4:"data";s:47:"\n      \n      \n      \n      \n      \n      \n    ";s:7:"attribs";a:0:{}s:8:"xml_base";s:0:"";s:17:"xml_base_explicit";b:0;s:8:"xml_lang";s:0:"";s:5:"child";a:2:{s:0:"";a:3:{s:5:"title";a:1:{i:0;a:5:{s:4:"data";s:35:"IO Error #2038_Blue Screen Of Death";s:7:"attribs";a:0:{}s:8:"xml_base";s:0:"";s:17:"xml_base_explicit";b:0;s:8:"xml_lang";s:0:"";}}s:4:"link";a:1:{i:0;a:5:{s:4:"data";s:50:"http://www.blue-screen-of-death.com/io-error-2038/";s:7:"attribs";a:0:{}s:8:"xml_base";s:0:"";s:17:"xml_base_explicit";b:0;s:8:"xml_lang";s:0:"";}}s:11:"description";a:1:{i:0;a:5:{s:4:"data";s:522:"Under my <em>localhost</em> (XAMPP) its ok , but any larger file (approx 2-6Mb) iled from time to time with the mentioned IO error… any idea in which direction I can search ? (Mod_Security isnt activated..) Same for me on XAMPP (no mod_security <b>...</b> Fix: Open nginx.conf add to <em>http</em> section. client_max_body_size 500m;. And remove keepalive_timeout. Full code: <em>http</em>. include /etc/nginx/mime.types;. deult_type application/octet-stream;. server_names_hash_bucket_size 128;. sendfile on; <b>...</b>";s:7:"attribs";a:0:{}s:8:"xml_base";s:0:"";s:17:"xml_base_explicit";b:0;s:8:"xml_lang";s:0:"";}}}s:32:"http://purl.org/dc/elements/1.1/";a:3:{s:9:"publisher";a:1:{i:0;a:5:{s:4:"data";s:20:"Blue Screen Of Death";s:7:"attribs";a:0:{}s:8:"xml_base";s:0:"";s:17:"xml_base_explicit";b:0;s:8:"xml_lang";s:0:"";}}s:7:"creator";a:1:{i:0;a:5:{s:4:"data";s:5:"admin";s:7:"attribs";a:0:{}s:8:"xml_base";s:0:"";s:17:"xml_base_explicit";b:0;s:8:"xml_lang";s:0:"";}}s:4:"date";a:1:{i:0;a:5:{s:4:"data";s:29:"Wed, 03 Aug 2011 09:06:12 GMT";s:7:"attribs";a:0:{}s:8:"xml_base";s:0:"";s:17:"xml_base_explicit";b:0;s:8:"xml_lang";s:0:"";}}}}}i:8;a:6:{s:4:"data";s:47:"\n      \n      \n      \n      \n      \n      \n    ";s:7:"attribs";a:0:{}s:8:"xml_base";s:0:"";s:17:"xml_base_explicit";b:0;s:8:"xml_lang";s:0:"";s:5:"child";a:2:{s:0:"";a:3:{s:5:"title";a:1:{i:0;a:5:{s:4:"data";s:59:"MAMP v2.0 and Virtual Host Set Up | David Hewards | Web Log";s:7:"attribs";a:0:{}s:8:"xml_base";s:0:"";s:17:"xml_base_explicit";b:0;s:8:"xml_lang";s:0:"";}}s:4:"link";a:1:{i:0;a:5:{s:4:"data";s:71:"http://www.davidheward.com/2011/08/03/mamp-v20-and-virtual-host-set-up/";s:7:"attribs";a:0:{}s:8:"xml_base";s:0:"";s:17:"xml_base_explicit";b:0;s:8:"xml_lang";s:0:"";}}s:11:"description";a:1:{i:0;a:5:{s:4:"data";s:555:"::1 <em>localhost</em> fe80::1%lo0 <em>localhost</em>. Now add this line to the bottom of this file, replacing “nameserver” with whatever you wish to call yours. 127.0.0.1 testrun. Save and Quit. Now you need to, create your virtual host in the vhosts file <b>...</b> DocumentRoot &quot;/Applications/MAMP/htdocs/playme/<em>http</em>/&quot; ServerName dummy-host.example.com ServerAlias www.dummy-host.example.com ErrorLog &quot;logs/dummy-host.example.com-error_log&quot; CustomLog &quot;logs/dummy-host.example.com-access_log&quot; common <b>...</b>";s:7:"attribs";a:0:{}s:8:"xml_base";s:0:"";s:17:"xml_base_explicit";b:0;s:8:"xml_lang";s:0:"";}}}s:32:"http://purl.org/dc/elements/1.1/";a:3:{s:9:"publisher";a:1:{i:0;a:5:{s:4:"data";s:23:"David Hewards | Web Log";s:7:"attribs";a:0:{}s:8:"xml_base";s:0:"";s:17:"xml_base_explicit";b:0;s:8:"xml_lang";s:0:"";}}s:7:"creator";a:1:{i:0;a:5:{s:4:"data";s:5:"admin";s:7:"attribs";a:0:{}s:8:"xml_base";s:0:"";s:17:"xml_base_explicit";b:0;s:8:"xml_lang";s:0:"";}}s:4:"date";a:1:{i:0;a:5:{s:4:"data";s:29:"Wed, 03 Aug 2011 08:42:31 GMT";s:7:"attribs";a:0:{}s:8:"xml_base";s:0:"";s:17:"xml_base_explicit";b:0;s:8:"xml_lang";s:0:"";}}}}}i:9;a:6:{s:4:"data";s:47:"\n      \n      \n      \n      \n      \n      \n    ";s:7:"attribs";a:0:{}s:8:"xml_base";s:0:"";s:17:"xml_base_explicit";b:0;s:8:"xml_lang";s:0:"";s:5:"child";a:2:{s:0:"";a:3:{s:5:"title";a:1:{i:0;a:5:{s:4:"data";s:77:"How do you connect to multiple MySQL databases on a single webpage <b>...</b>";s:7:"attribs";a:0:{}s:8:"xml_base";s:0:"";s:17:"xml_base_explicit";b:0;s:8:"xml_lang";s:0:"";}}s:4:"link";a:1:{i:0;a:5:{s:4:"data";s:111:"http://viralsolani.wordpress.com/2011/08/03/how-do-you-connect-to-multiple-mysql-databases-on-a-single-webpage/";s:7:"attribs";a:0:{}s:8:"xml_base";s:0:"";s:17:"xml_base_explicit";b:0;s:8:"xml_lang";s:0:"";}}s:11:"description";a:1:{i:0;a:5:{s:4:"data";s:271:"Example : $migglecon = mysql_connect(“<em>localhost</em>”,”root”,”123″); mysql_select_db(“thefarmyard”,$migglecon)or die(mysql_error());. $drupalcon= mysql_connect($<em>localhost</em>,$root,$123,true); mysql_select_db(“miggle”,$drupalcon)or <b>...</b>";s:7:"attribs";a:0:{}s:8:"xml_base";s:0:"";s:17:"xml_base_explicit";b:0;s:8:"xml_lang";s:0:"";}}}s:32:"http://purl.org/dc/elements/1.1/";a:3:{s:9:"publisher";a:1:{i:0;a:5:{s:4:"data";s:12:"Viral Solani";s:7:"attribs";a:0:{}s:8:"xml_base";s:0:"";s:17:"xml_base_explicit";b:0;s:8:"xml_lang";s:0:"";}}s:7:"creator";a:1:{i:0;a:5:{s:4:"data";s:11:"viralsolani";s:7:"attribs";a:0:{}s:8:"xml_base";s:0:"";s:17:"xml_base_explicit";b:0;s:8:"xml_lang";s:0:"";}}s:4:"date";a:1:{i:0;a:5:{s:4:"data";s:29:"Wed, 03 Aug 2011 06:42:03 GMT";s:7:"attribs";a:0:{}s:8:"xml_base";s:0:"";s:17:"xml_base_explicit";b:0;s:8:"xml_lang";s:0:"";}}}}}}}s:36:"http://a9.com/-/spec/opensearch/1.1/";a:3:{s:12:"totalResults";a:1:{i:0;a:5:{s:4:"data";s:6:"147000";s:7:"attribs";a:0:{}s:8:"xml_base";s:0:"";s:17:"xml_base_explicit";b:0;s:8:"xml_lang";s:0:"";}}s:10:"startIndex";a:1:{i:0;a:5:{s:4:"data";s:1:"1";s:7:"attribs";a:0:{}s:8:"xml_base";s:0:"";s:17:"xml_base_explicit";b:0;s:8:"xml_lang";s:0:"";}}s:12:"itemsPerPage";a:1:{i:0;a:5:{s:4:"data";s:2:"10";s:7:"attribs";a:0:{}s:8:"xml_base";s:0:"";s:17:"xml_base_explicit";b:0;s:8:"xml_lang";s:0:"";}}}}}}}}}}}}s:4:"type";i:128;s:7:"headers";a:7:{s:12:"content-type";s:28:"text/xml; charset=ISO-8859-1";s:4:"date";s:29:"Wed, 03 Aug 2011 14:03:06 GMT";s:7:"expires";s:2:"-1";s:13:"cache-control";s:18:"private, max-age=0";s:10:"set-cookie";s:143:"PREF=ID=8243adb108fd1a4e:FF=0:TM=1312380186:LM=1312380186:S=Jc5peQYwqLBV8Aw4; expires=Fri, 02-Aug-2013 14:03:06 GMT; path=/; domain=.google.com";s:6:"server";s:3:"gws";s:16:"x-xss-protection";s:13:"1; mode=block";}s:5:"build";s:14:"20090627192103";}', 'no'),
(323, 0, '_transient_timeout_feed_mod_954cedecf1cb0229f0e08bee6df4c4da', '1315447343', 'no'),
(324, 0, '_transient_feed_mod_954cedecf1cb0229f0e08bee6df4c4da', '1315404143', 'no'),
(325, 0, '_transient_timeout_dash_20494a3d90a6669585674ed0eb8dcd8f', '1315447343', 'no'),
(326, 0, '_transient_dash_20494a3d90a6669585674ed0eb8dcd8f', '<ul>\n	<li><strong>Ivan</strong> linked here <a href="http://www.tocadigital.com.br/2011/08/03/como-criar-um-banco-de-dados-que-gerencie-outras-bases-de-dados-independentes/?utm_source=rss&#038;utm_medium=rss&#038;utm_campaign=como-criar-um-banco-de-dados-que-gerencie-outras-bases-de-dados-independentes">saying</a>, "submit();&lt;/script&gt;&#39;; break; default: ech ..."</li>\n	<li><strong>ddraper</strong> linked here <a href="http://blogs.alfresco.com/wp/ddraper/2011/08/03/customizing-alfresco-share-i18n-properties/">saying</a>, "Open a new browser window or tab and enable SurfBu ..."</li>\n	<li><strong>abalsam</strong> linked here <a href="http://development.nedeco.de/blog/2011/08/03/java-client-php-soapserver/">saying</a>, "... Header(&quot;HTTP/1.0 401 Unauthorized&quot;); ..."</li>\n	<li><strong>playfulm</strong> linked here <a href="http://playfulmonkey.me/php-mysql-tutorial-create-a-simple-view-counter-hd/">saying</a>, "Follow me on Twitter @RiverCityGraphx Like us on o ..."</li>\n	<li><strong>d.weller</strong> linked here <a href="http://localhost.bdjl.de/?p=2258">saying</a>, "diolwe: Und er Link zum zitierten Artikel noch hin ..."</li>\n	<li><strong>Yaniar Prayogo</strong> linked here <a href="http://yaniarprayogo.wordpress.com/2011/08/03/login-multiuser-codeigniter-2-0-2/">saying</a>, "$config[&#39;base_url&#39;] = &#39;http://localhos ..."</li>\n	<li><strong>Carmelo Saffioti</strong> linked here <a href="http://carmelosaffioti.blogspot.com/2011/08/configurare-apache2-con-tomcat6-su.html">saying</a>, "sudo nano /etc/apache2/httpd.conf. e incolliamo qu ..."</li>\n	<li><strong>admin</strong> linked here <a href="http://www.blue-screen-of-death.com/io-error-2038/">saying</a>, "Under my localhost (XAMPP) its ok , but any larger ..."</li>\n	<li><strong>admin</strong> linked here <a href="http://www.davidheward.com/2011/08/03/mamp-v20-and-virtual-host-set-up/">saying</a>, "::1 localhost fe80::1%lo0 localhost. Now add this  ..."</li>\n	<li><strong>viralsolani</strong> linked here <a href="http://viralsolani.wordpress.com/2011/08/03/how-do-you-connect-to-multiple-mysql-databases-on-a-single-webpage/">saying</a>, "Example : $migglecon = mysql_connect(“localhost”,” ..."</li>\n</ul>\n', 'no'),
(327, 0, '_transient_timeout_feed_ac0b00fe65abe10e0c5b588f3ed8c7ca', '1315447345', 'no');
INSERT INTO `ktoptions` (`option_id`, `blog_id`, `option_name`, `option_value`, `autoload`) VALUES
(328, 0, '_transient_feed_ac0b00fe65abe10e0c5b588f3ed8c7ca', 'a:4:{s:5:"child";a:1:{s:0:"";a:1:{s:3:"rss";a:1:{i:0;a:6:{s:4:"data";s:3:"\n\n\n";s:7:"attribs";a:1:{s:0:"";a:1:{s:7:"version";s:3:"2.0";}}s:8:"xml_base";s:0:"";s:17:"xml_base_explicit";b:0;s:8:"xml_lang";s:0:"";s:5:"child";a:1:{s:0:"";a:1:{s:7:"channel";a:1:{i:0;a:6:{s:4:"data";s:50:"\n	\n	\n	\n	\n	\n	\n	\n	\n	\n		\n		\n		\n		\n		\n		\n		\n		\n		\n		\n	";s:7:"attribs";a:0:{}s:8:"xml_base";s:0:"";s:17:"xml_base_explicit";b:0;s:8:"xml_lang";s:0:"";s:5:"child";a:3:{s:0:"";a:7:{s:5:"title";a:1:{i:0;a:5:{s:4:"data";s:14:"WordPress News";s:7:"attribs";a:0:{}s:8:"xml_base";s:0:"";s:17:"xml_base_explicit";b:0;s:8:"xml_lang";s:0:"";}}s:4:"link";a:1:{i:0;a:5:{s:4:"data";s:25:"http://wordpress.org/news";s:7:"attribs";a:0:{}s:8:"xml_base";s:0:"";s:17:"xml_base_explicit";b:0;s:8:"xml_lang";s:0:"";}}s:11:"description";a:1:{i:0;a:5:{s:4:"data";s:14:"WordPress News";s:7:"attribs";a:0:{}s:8:"xml_base";s:0:"";s:17:"xml_base_explicit";b:0;s:8:"xml_lang";s:0:"";}}s:13:"lastBuildDate";a:1:{i:0;a:5:{s:4:"data";s:31:"Sat, 16 Jul 2011 21:32:34 +0000";s:7:"attribs";a:0:{}s:8:"xml_base";s:0:"";s:17:"xml_base_explicit";b:0;s:8:"xml_lang";s:0:"";}}s:8:"language";a:1:{i:0;a:5:{s:4:"data";s:2:"en";s:7:"attribs";a:0:{}s:8:"xml_base";s:0:"";s:17:"xml_base_explicit";b:0;s:8:"xml_lang";s:0:"";}}s:9:"generator";a:1:{i:0;a:5:{s:4:"data";s:45:"http://wordpress.org/?v=3.3-aortic-dissection";s:7:"attribs";a:0:{}s:8:"xml_base";s:0:"";s:17:"xml_base_explicit";b:0;s:8:"xml_lang";s:0:"";}}s:4:"item";a:10:{i:0;a:6:{s:4:"data";s:44:"\n		\n		\n		\n		\n		\n				\n		\n\n		\n		\n			\n			\n		\n		";s:7:"attribs";a:0:{}s:8:"xml_base";s:0:"";s:17:"xml_base_explicit";b:0;s:8:"xml_lang";s:0:"";s:5:"child";a:5:{s:0:"";a:7:{s:5:"title";a:1:{i:0;a:5:{s:4:"data";s:23:"Best WordCamp Speakers?";s:7:"attribs";a:0:{}s:8:"xml_base";s:0:"";s:17:"xml_base_explicit";b:0;s:8:"xml_lang";s:0:"";}}s:4:"link";a:1:{i:0;a:5:{s:4:"data";s:57:"http://wordpress.org/news/2011/07/best-wordcamp-speakers/";s:7:"attribs";a:0:{}s:8:"xml_base";s:0:"";s:17:"xml_base_explicit";b:0;s:8:"xml_lang";s:0:"";}}s:8:"comments";a:1:{i:0;a:5:{s:4:"data";s:66:"http://wordpress.org/news/2011/07/best-wordcamp-speakers/#comments";s:7:"attribs";a:0:{}s:8:"xml_base";s:0:"";s:17:"xml_base_explicit";b:0;s:8:"xml_lang";s:0:"";}}s:7:"pubDate";a:1:{i:0;a:5:{s:4:"data";s:31:"Sat, 16 Jul 2011 21:32:34 +0000";s:7:"attribs";a:0:{}s:8:"xml_base";s:0:"";s:17:"xml_base_explicit";b:0;s:8:"xml_lang";s:0:"";}}s:8:"category";a:2:{i:0;a:5:{s:4:"data";s:9:"Community";s:7:"attribs";a:0:{}s:8:"xml_base";s:0:"";s:17:"xml_base_explicit";b:0;s:8:"xml_lang";s:0:"";}i:1;a:5:{s:4:"data";s:8:"WordCamp";s:7:"attribs";a:0:{}s:8:"xml_base";s:0:"";s:17:"xml_base_explicit";b:0;s:8:"xml_lang";s:0:"";}}s:4:"guid";a:1:{i:0;a:5:{s:4:"data";s:33:"http://wordpress.org/news/?p=2000";s:7:"attribs";a:1:{s:0:"";a:1:{s:11:"isPermaLink";s:5:"false";}}s:8:"xml_base";s:0:"";s:17:"xml_base_explicit";b:0;s:8:"xml_lang";s:0:"";}}s:11:"description";a:1:{i:0;a:5:{s:4:"data";s:357:"As we complete speaker selection for the annual WordPress conference (a.k.a. WordCamp San Francisco), it&#8217;s clear that even though there were more than 200 speaker applications, many great WordCamp speakers did not apply. No fear! We will seek them out to make sure that WordCamp SF has a fantastic lineup, including people who didn&#8217;t apply [...]";s:7:"attribs";a:0:{}s:8:"xml_base";s:0:"";s:17:"xml_base_explicit";b:0;s:8:"xml_lang";s:0:"";}}}s:32:"http://purl.org/dc/elements/1.1/";a:1:{s:7:"creator";a:1:{i:0;a:5:{s:4:"data";s:10:"Jane Wells";s:7:"attribs";a:0:{}s:8:"xml_base";s:0:"";s:17:"xml_base_explicit";b:0;s:8:"xml_lang";s:0:"";}}}s:40:"http://purl.org/rss/1.0/modules/content/";a:1:{s:7:"encoded";a:1:{i:0;a:5:{s:4:"data";s:1600:"<p>As we complete speaker selection for <a href="http://2011.sf.wordcamp.org/">the annual WordPress conference (a.k.a. WordCamp San Francisco)</a>, it&#8217;s clear that even though there were more than 200 speaker applications, many great WordCamp speakers did not apply. No fear! We will seek them out to make sure that WordCamp SF has a fantastic lineup, including people who didn&#8217;t apply (too shy? who knows?) but have wowed local crowds at previous WordCamps.</p>\n<p>This is about as basic a survey as there is. Tell us the three best WordCamp presentations you saw in the past year or so. For each, give the presenters name, the topic (exact title not necessary) and which WordCamp it was at (important).</p>\n<p>Example:</p>\n<p>1. Joe Shmoe, Using the Loop, WordCamp Sheboygan 2011<br />\n2. Jane Doe, Top 5 WordPress Plugins, WordCamp La Mancha 2010<br />\n3. Lee Smith, Your First Core Patch, WordCamp Atlantis 2011</p>\n<p>That&#8217;s it. We don&#8217;t need your name or any info at all, just your three top speaker votes. We&#8217;ll take a look at the people with the most votes, and consider them for WCSF if they&#8217;re not already in the application pool. Thanks for your help in making this year&#8217;s conference better and more WordPressy than ever. <img src=''http://wordpress.org/news/wp-includes/images/smilies/icon_smile.gif'' alt='':)'' class=''wp-smiley'' /> </p>\n<p><a href="http://wordcampcentral.polldaddy.com/s/best-2010-2011-wordcamp-speakers-so-far">Vote Now!</a></p>\n<p>P.S. <a href="http://2011.sf.wordcamp.org/get-tickets/">Have you bought your tickets yet</a>?</p>\n";s:7:"attribs";a:0:{}s:8:"xml_base";s:0:"";s:17:"xml_base_explicit";b:0;s:8:"xml_lang";s:0:"";}}}s:36:"http://wellformedweb.org/CommentAPI/";a:1:{s:10:"commentRss";a:1:{i:0;a:5:{s:4:"data";s:62:"http://wordpress.org/news/2011/07/best-wordcamp-speakers/feed/";s:7:"attribs";a:0:{}s:8:"xml_base";s:0:"";s:17:"xml_base_explicit";b:0;s:8:"xml_lang";s:0:"";}}}s:38:"http://purl.org/rss/1.0/modules/slash/";a:1:{s:8:"comments";a:1:{i:0;a:5:{s:4:"data";s:1:"0";s:7:"attribs";a:0:{}s:8:"xml_base";s:0:"";s:17:"xml_base_explicit";b:0;s:8:"xml_lang";s:0:"";}}}}}i:1;a:6:{s:4:"data";s:41:"\n		\n		\n		\n		\n		\n				\n\n		\n		\n			\n			\n		\n		";s:7:"attribs";a:0:{}s:8:"xml_base";s:0:"";s:17:"xml_base_explicit";b:0;s:8:"xml_lang";s:0:"";s:5:"child";a:5:{s:0:"";a:7:{s:5:"title";a:1:{i:0;a:5:{s:4:"data";s:15:"WordPress 3.2.1";s:7:"attribs";a:0:{}s:8:"xml_base";s:0:"";s:17:"xml_base_explicit";b:0;s:8:"xml_lang";s:0:"";}}s:4:"link";a:1:{i:0;a:5:{s:4:"data";s:50:"http://wordpress.org/news/2011/07/wordpress-3-2-1/";s:7:"attribs";a:0:{}s:8:"xml_base";s:0:"";s:17:"xml_base_explicit";b:0;s:8:"xml_lang";s:0:"";}}s:8:"comments";a:1:{i:0;a:5:{s:4:"data";s:59:"http://wordpress.org/news/2011/07/wordpress-3-2-1/#comments";s:7:"attribs";a:0:{}s:8:"xml_base";s:0:"";s:17:"xml_base_explicit";b:0;s:8:"xml_lang";s:0:"";}}s:7:"pubDate";a:1:{i:0;a:5:{s:4:"data";s:31:"Tue, 12 Jul 2011 19:49:06 +0000";s:7:"attribs";a:0:{}s:8:"xml_base";s:0:"";s:17:"xml_base_explicit";b:0;s:8:"xml_lang";s:0:"";}}s:8:"category";a:1:{i:0;a:5:{s:4:"data";s:8:"Releases";s:7:"attribs";a:0:{}s:8:"xml_base";s:0:"";s:17:"xml_base_explicit";b:0;s:8:"xml_lang";s:0:"";}}s:4:"guid";a:1:{i:0;a:5:{s:4:"data";s:33:"http://wordpress.org/news/?p=1982";s:7:"attribs";a:1:{s:0:"";a:1:{s:11:"isPermaLink";s:5:"false";}}s:8:"xml_base";s:0:"";s:17:"xml_base_explicit";b:0;s:8:"xml_lang";s:0:"";}}s:11:"description";a:1:{i:0;a:5:{s:4:"data";s:358:"After more than a million downloads of WordPress 3.2, we&#8217;re now releasing WordPress 3.2.1 into the wild. This maintenance release fixes a server incompatibility related to JSON that&#8217;s unfortunately affected some of you, as well as a few other fixes in the new dashboard design and the Twenty Eleven theme. If you&#8217;ve already updated to [...]";s:7:"attribs";a:0:{}s:8:"xml_base";s:0:"";s:17:"xml_base_explicit";b:0;s:8:"xml_lang";s:0:"";}}}s:32:"http://purl.org/dc/elements/1.1/";a:1:{s:7:"creator";a:1:{i:0;a:5:{s:4:"data";s:12:"Andrew Nacin";s:7:"attribs";a:0:{}s:8:"xml_base";s:0:"";s:17:"xml_base_explicit";b:0;s:8:"xml_lang";s:0:"";}}}s:40:"http://purl.org/rss/1.0/modules/content/";a:1:{s:7:"encoded";a:1:{i:0;a:5:{s:4:"data";s:1129:"<p>After more than a million downloads of WordPress 3.2, we&#8217;re now releasing <a href="http://wordpress.org/download/">WordPress 3.2.1</a> into the wild. This maintenance release fixes a server incompatibility related to JSON that&#8217;s unfortunately affected some of you, as well as a few other fixes in the new dashboard design and the Twenty Eleven theme. If you&#8217;ve already updated to 3.2, then this update will be even faster than usual, thanks to the new feature in 3.2 that only updates files that have been changed, rather than replacing all the files in your installation.</p>\n<p>For a full list of fixes, view the <a href="http://core.trac.wordpress.org/log/branches/3.2/?rev=18436&amp;stop_rev=18398">changelog</a> the list of <a href="http://core.trac.wordpress.org/query?status=closed&amp;group=resolution&amp;milestone=3.2.1">tickets</a>. Our release haiku:</p>\n<p>JSON, the admin<br />\nA little bit tidier<br />\nEdge cases covered</p>\n<p><a href="http://wordpress.org/download/"><strong>Download 3.2.1</strong></a> or update now from the Dashboard → Updates menu in your site&#8217;s admin area.</p>\n";s:7:"attribs";a:0:{}s:8:"xml_base";s:0:"";s:17:"xml_base_explicit";b:0;s:8:"xml_lang";s:0:"";}}}s:36:"http://wellformedweb.org/CommentAPI/";a:1:{s:10:"commentRss";a:1:{i:0;a:5:{s:4:"data";s:55:"http://wordpress.org/news/2011/07/wordpress-3-2-1/feed/";s:7:"attribs";a:0:{}s:8:"xml_base";s:0:"";s:17:"xml_base_explicit";b:0;s:8:"xml_lang";s:0:"";}}}s:38:"http://purl.org/rss/1.0/modules/slash/";a:1:{s:8:"comments";a:1:{i:0;a:5:{s:4:"data";s:1:"0";s:7:"attribs";a:0:{}s:8:"xml_base";s:0:"";s:17:"xml_base_explicit";b:0;s:8:"xml_lang";s:0:"";}}}}}i:2;a:6:{s:4:"data";s:41:"\n		\n		\n		\n		\n		\n				\n\n		\n		\n			\n			\n		\n		";s:7:"attribs";a:0:{}s:8:"xml_base";s:0:"";s:17:"xml_base_explicit";b:0;s:8:"xml_lang";s:0:"";s:5:"child";a:5:{s:0:"";a:7:{s:5:"title";a:1:{i:0;a:5:{s:4:"data";s:27:"WordPress 3.2 now available";s:7:"attribs";a:0:{}s:8:"xml_base";s:0:"";s:17:"xml_base_explicit";b:0;s:8:"xml_lang";s:0:"";}}s:4:"link";a:1:{i:0;a:5:{s:4:"data";s:43:"http://wordpress.org/news/2011/07/gershwin/";s:7:"attribs";a:0:{}s:8:"xml_base";s:0:"";s:17:"xml_base_explicit";b:0;s:8:"xml_lang";s:0:"";}}s:8:"comments";a:1:{i:0;a:5:{s:4:"data";s:52:"http://wordpress.org/news/2011/07/gershwin/#comments";s:7:"attribs";a:0:{}s:8:"xml_base";s:0:"";s:17:"xml_base_explicit";b:0;s:8:"xml_lang";s:0:"";}}s:7:"pubDate";a:1:{i:0;a:5:{s:4:"data";s:31:"Mon, 04 Jul 2011 21:07:06 +0000";s:7:"attribs";a:0:{}s:8:"xml_base";s:0:"";s:17:"xml_base_explicit";b:0;s:8:"xml_lang";s:0:"";}}s:8:"category";a:1:{i:0;a:5:{s:4:"data";s:8:"Releases";s:7:"attribs";a:0:{}s:8:"xml_base";s:0:"";s:17:"xml_base_explicit";b:0;s:8:"xml_lang";s:0:"";}}s:4:"guid";a:1:{i:0;a:5:{s:4:"data";s:33:"http://wordpress.org/news/?p=1924";s:7:"attribs";a:1:{s:0:"";a:1:{s:11:"isPermaLink";s:5:"false";}}s:8:"xml_base";s:0:"";s:17:"xml_base_explicit";b:0;s:8:"xml_lang";s:0:"";}}s:11:"description";a:1:{i:0;a:5:{s:4:"data";s:329:"Here in the U.S. we are observing Independence Day, and I can&#8217;t think of a more fitting way to mark a day that celebrates freedom than by releasing more free software to help democratize publishing around the globe. I&#8217;m excited to announce that WordPress 3.2 is now available to the world, both as an update in [...]";s:7:"attribs";a:0:{}s:8:"xml_base";s:0:"";s:17:"xml_base_explicit";b:0;s:8:"xml_lang";s:0:"";}}}s:32:"http://purl.org/dc/elements/1.1/";a:1:{s:7:"creator";a:1:{i:0;a:5:{s:4:"data";s:14:"Matt Mullenweg";s:7:"attribs";a:0:{}s:8:"xml_base";s:0:"";s:17:"xml_base_explicit";b:0;s:8:"xml_lang";s:0:"";}}}s:40:"http://purl.org/rss/1.0/modules/content/";a:1:{s:7:"encoded";a:1:{i:0;a:5:{s:4:"data";s:14127:"<p>Here in the U.S. we are observing Independence Day, and I can&#8217;t think of a more fitting way to mark a day that celebrates freedom than by releasing more free software to help democratize publishing around the globe. I&#8217;m excited to announce that WordPress 3.2 is now available to the world, both as an update in your dashboard and a <a href="http://wordpress.org/">download on WordPress.org</a>. Version 3.2 is our fifteenth major release of WordPress and comes just four months after 3.1 (which coincidentally just passed the 15 million download mark this morning), reflecting the growing speed of development in the WordPress community and our dedication to getting improvements in your hands as soon as possible. We&#8217;re dedicating this release to noted composer and pianist <a href="http://en.wikipedia.org/wiki/George_Gershwin">George Gershwin</a>.</p>\n<p><em>Before we get to the release, in anticipation of the State of the Word speech at the upcoming <a href="http://2011.sf.wordcamp.org/">WordCamp San Francisco</a> (the annual WordPress conference) we&#8217;re doing a survey or census of the WordPress world. If you have a moment, <a href="http://wpsurvey.polldaddy.com/s/wp-2011">please fill out this survey</a> and we&#8217;ll share what <em>we learn by </em>publishing the aggregate results in August.</em></p>\n<p>The focus for this release was <strong>making WordPress faster and lighter</strong>. The first thing you&#8217;ll notice when you log in to 3.2 is a <strong>refreshed dashboard design</strong> that tightens the typography, design, and code behind the admin. (Rhapsody in Grey?) If you&#8217;re starting a new blog, you&#8217;ll also appreciate the fully HTML5 <strong>new Twenty Eleven theme</strong>, fulfilling our plan to replace the default theme every year. Start writing your first post in our redesigned post editor and venture to the full-screen button in the editing toolbar to enter the new <strong>distraction-free writing or zen mode</strong>, my personal favorite feature of the release. All of the widgets, menus, buttons, and interface elements fade away to allow you to compose and edit your thoughts in a completely clean environment conducive to writing, but when your mouse strays to the top of the screen your most-used shortcuts are right there where you need them. (I like to press F11 to take my browser full-screen, getting rid of even the OS chrome.)</p>\n<p><embed src="http://v.wordpress.com/ac07H291" type="application/x-shockwave-flash" width="600" height="337" allowscriptaccess="always" allowfullscreen="true" wmode="transparent"></embed></p>\n<p>Under the hood there have been a number of improvements, not the least of which is the <strong>streamlining</strong> enabled by our <a href="http://wordpress.org/news/2010/07/eol-for-php4-and-mysql4/">previously announced plan</a> of retiring support for PHP4, older versions of MySQL, and legacy browsers like IE6, which allows us to take advantage of more features enabled by new technologies. The <strong>admin bar</strong> has a few more shortcuts to your most commonly-used actions. On the comment moderation screen, the new <strong>approve &amp; reply</strong> feature speeds up your conversation management. You&#8217;ll notice in your first update after 3.2 that we&#8217;ll only be updating the files that have changed with each new release instead of every file in your WordPress installation, which makes <strong>updates significantly faster on all hosting platforms</strong>. There are also some fun new theme features shown off by Twenty Eleven, like the ability to have multiple <strong>rotating header images</strong> to highlight all of your favorite photos.</p>\n<p>There is way more, like our new freedoms and credits screens (linked from your dashboard footer), so for the full story check out the <a href="http://codex.wordpress.org/Version_3.2">Codex page on 3.2</a> or the <a href="http://core.trac.wordpress.org/milestone/3.2">Trac milestone which includes the 400+ tickets closed in this release</a>.</p>\n<h3>A Community Effort</h3>\n<p>We now finally have a credits page inside of WordPress itself (though a cool revision is coming in 3.3), but for posterity let&#8217;s give a round of applause to these fine folks who contributed to 3.2:</p>\n<p><a href="http://profiles.wordpress.org/users/technosailor">Aaron Brazell</a>, <a href="http://profiles.wordpress.org/users/aaroncampbell">Aaron Campbell</a>, <a href="http://profiles.wordpress.org/users/jorbin">Aaron Jorbin</a>, <a href="http://profiles.wordpress.org/users/kawauso">Adam Harley</a>, <a href="http://profiles.wordpress.org/users/xknown">Alex Concha</a>, <a href="http://profiles.wordpress.org/users/ampt">ampt</a>, <a href="http://profiles.wordpress.org/users/nacin">Andrew Nacin</a>, <a href="http://profiles.wordpress.org/users/azaozz">Andrew Ozz</a>, <a href="http://profiles.wordpress.org/users/andrewryno">andrewryno</a>, <a href="http://profiles.wordpress.org/users/andy">andy</a>, <a href="http://profiles.wordpress.org/users/filosofo">Austin Matzko</a>, <a href="http://profiles.wordpress.org/users/benchapman">BenChapman</a>, <a href="http://profiles.wordpress.org/users/empireoflight">Ben Dunkle</a>, <a href="http://profiles.wordpress.org/users/bluntelk">bluntelk</a>, <a href="http://profiles.wordpress.org/users/boonebgorges">Boone Gorges</a>, <a href="http://profiles.wordpress.org/users/cnorris23">Brandon Allen</a>, <a href="http://profiles.wordpress.org/users/brandonburke">Brandon Burke</a>, <a href="http://profiles.wordpress.org/users/caspie">Caspie</a>, <a href="http://profiles.wordpress.org/users/cfinke">cfinke</a>, <a href="http://profiles.wordpress.org/users/charlesclarkson">charlesclarkson</a>, <a href="http://profiles.wordpress.org/users/chexee">chexee</a>, <a href="http://profiles.wordpress.org/users/coffee2code">coffee2code</a>, <a href="http://profiles.wordpress.org/users/scribu">Cristi Burcă</a>, <a href="http://profiles.wordpress.org/users/daniloercoli">daniloercoli</a>, <a href="http://profiles.wordpress.org/users/koopersmith">Daryl Koopersmith</a>, <a href="http://profiles.wordpress.org/users/dcowgill">David Cowgill</a>, <a href="http://profiles.wordpress.org/users/jdtrower">David Trower</a>, <a href="http://profiles.wordpress.org/users/demetris">demetris</a>, <a href="http://profiles.wordpress.org/users/devinreams">Devin Reams</a>, <a href="http://profiles.wordpress.org/users/dd32">Dion Hulse</a>, <a href="http://profiles.wordpress.org/users/dllh">dllh</a>, <a href="http://profiles.wordpress.org/users/ocean90">Dominik Schilling</a>, <a href="http://profiles.wordpress.org/users/dougwrites">Doug Provencio</a>, <a href="http://profiles.wordpress.org/users/dvwallin">dvwallin</a>, <a href="http://profiles.wordpress.org/users/cyberhobo">Dylan Kuhn</a>, <a href="http://profiles.wordpress.org/users/ericmann">Eric Mann</a>, <a href="http://profiles.wordpress.org/users/fabifott">fabifott</a>, <a href="http://profiles.wordpress.org/users/peaceablewhale">Franklin Tse</a>, <a href="http://profiles.wordpress.org/users/frumph">Frumph</a>, <a href="http://profiles.wordpress.org/users/garyc40">garyc40</a>, <a href="http://profiles.wordpress.org/users/blepoxp">Glenn Ansley</a>, <a href="http://profiles.wordpress.org/users/guyn">guyn</a>, <a href="http://profiles.wordpress.org/users/hakre">hakre</a>, <a href="http://profiles.wordpress.org/users/hebbet">hebbet</a>, <a href="http://profiles.wordpress.org/users/helenyhou">Helen Hou-Sandi</a>, <a href="http://profiles.wordpress.org/users/hew">hew</a>, <a href="http://profiles.wordpress.org/users/holizz">holizz</a>, <a href="http://profiles.wordpress.org/users/iandstewart">Ian Stewart</a>, <a href="http://profiles.wordpress.org/users/jacobwg">Jacob Gillespie</a>, <a href="http://profiles.wordpress.org/users/jane">Jane Wells</a>, <a href="http://profiles.wordpress.org/users/jayjdk">Jayjdk</a>, <a href="http://profiles.wordpress.org/users/jfarthing84">Jeff Farthing</a>, <a href="http://profiles.wordpress.org/users/jkudish">Joachim Kudish</a>, <a href="http://profiles.wordpress.org/users/joelhardi">joelhardi</a>, <a href="http://profiles.wordpress.org/users/johnbillion">John Blackbourn</a>, <a href="http://profiles.wordpress.org/users/aldenta">John Ford</a>, <a href="http://profiles.wordpress.org/users/johnjamesjacoby">John James Jacoby</a>, <a href="http://profiles.wordpress.org/users/johnonolan">JohnONolan</a>, <a href="http://profiles.wordpress.org/users/duck_">Jon Cave</a>, <a href="http://profiles.wordpress.org/users/joostdevalk">joostdevalk</a>, <a href="http://profiles.wordpress.org/users/koke">Jorge Bernal</a>, <a href="http://profiles.wordpress.org/users/josephscott">Joseph Scott</a>, <a href="http://profiles.wordpress.org/users/jtsternberg">Justin Sternberg</a>, <a href="http://profiles.wordpress.org/users/greenshady">Justin Tadlock</a>, <a href="http://profiles.wordpress.org/users/kevinb">kevinB</a>, <a href="http://profiles.wordpress.org/users/knutsp">Knut Sparhell</a>, <a href="http://profiles.wordpress.org/users/kovshenin">kovshenin</a>, <a href="http://profiles.wordpress.org/users/tenpura">Kuraishi</a>, <a href="http://profiles.wordpress.org/users/lancewillett">Lance Willett</a>, <a href="http://profiles.wordpress.org/users/linuxologos">linuxologos</a>, <a href="http://profiles.wordpress.org/users/lloydbudd">lloydbudd</a>, <a href="http://profiles.wordpress.org/users/ldebrouwer">Luc De Brouwer</a>, <a href="http://profiles.wordpress.org/users/marcis20">marcis20</a>, <a href="http://profiles.wordpress.org/users/markjaquith">Mark Jaquith</a>, <a href="http://profiles.wordpress.org/users/markmcwilliams">Mark McWilliams</a>, <a href="http://profiles.wordpress.org/users/tfnab">Martin Lormes</a>, <a href="http://profiles.wordpress.org/users/matveb">Matías Ventura</a>, <a href="http://profiles.wordpress.org/users/sivel">Matt Martz</a>, <a href="http://profiles.wordpress.org/users/iammattthomas">Matt Thomas</a>, <a href="http://profiles.wordpress.org/users/mattyrob">MattyRob</a>, <a href="http://profiles.wordpress.org/users/mcepl">mcepl</a>, <a href="http://profiles.wordpress.org/users/mdawaffe">mdawaffe</a>, <a href="http://profiles.wordpress.org/users/mfields">Michael Fields</a>, <a href="http://profiles.wordpress.org/users/michaelh">MichaelH</a>, <a href="http://profiles.wordpress.org/users/michaeltyson">michaeltyson</a>, <a href="http://profiles.wordpress.org/users/dh-shredder">Mike Schroder</a>, <a href="http://profiles.wordpress.org/users/dimadin/">Milan Dinić</a>, <a href="http://profiles.wordpress.org/users/mintindeed">mintindeed</a>, <a href="http://profiles.wordpress.org/users/mitchoyoshitaka">mitchoyoshitaka</a>, <a href="http://profiles.wordpress.org/users/batmoo">Mohammad Jangda</a>, <a href="http://profiles.wordpress.org/users/mrroundhill">mrroundhill</a>, <a href="http://profiles.wordpress.org/users/natecook">natecook</a>, <a href="http://profiles.wordpress.org/users/nathanrice">nathanrice</a>, <a href="http://profiles.wordpress.org/users/niallkennedy">Niall Kennedy</a>, <a href="http://profiles.wordpress.org/users/nickbohle">Nick Bohle</a>, <a href="http://profiles.wordpress.org/users/nbachiyski">Nikolay Bachiyski</a>, <a href="http://profiles.wordpress.org/users/nuxwin">nuxwin</a>, <a href="http://profiles.wordpress.org/users/otto42">Otto</a>, <a href="http://profiles.wordpress.org/users/pavelevap">pavelevap</a>, <a href="http://profiles.wordpress.org/users/petemall">pete.mall</a>, <a href="http://profiles.wordpress.org/users/westi">Peter Westwood</a>, <a href="http://profiles.wordpress.org/users/nprasath002">Prasath Nadarajah</a>, <a href="http://profiles.wordpress.org/users/ptahdunbar">Ptah Dunbar</a>, <a href="http://profiles.wordpress.org/users/bi0xid">Rafael Poveda</a>, <a href="http://profiles.wordpress.org/users/rahe">Rahe</a>, <a href="http://profiles.wordpress.org/users/ramiy">Ramiy</a>, <a href="http://profiles.wordpress.org/users/rasheed">Rasheed Bydousi</a>, <a href="http://profiles.wordpress.org/users/greuben">Reuben Gunday</a>, <a href="http://profiles.wordpress.org/users/miqrogroove">Robert Chapin</a>, <a href="http://profiles.wordpress.org/users/wpmuguru">Ron Rennick</a>, <a href="http://profiles.wordpress.org/users/rosshanney">Ross Hanney</a>, <a href="http://profiles.wordpress.org/users/ryan">Ryan Boren</a>, <a href="http://profiles.wordpress.org/users/ryanimel">Ryan Imel</a>, <a href="http://profiles.wordpress.org/users/zeo">Safirul Alredha</a>, <a href="http://profiles.wordpress.org/users/solarissmoke">Samir Shah</a>, <a href="http://profiles.wordpress.org/users/saracannon">saracannon</a>, <a href="http://profiles.wordpress.org/users/sbressler">sbressler</a>, <a href="http://profiles.wordpress.org/users/sergeybiryukov">Sergey Biryukov</a>, <a href="http://profiles.wordpress.org/users/shakenstirred">shakenstirred</a>, <a href="http://profiles.wordpress.org/users/sidharrell">Sidney Harrell</a>, <a href="http://profiles.wordpress.org/users/pross">Simon Prosser</a>, <a href="http://profiles.wordpress.org/users/sorich87">sorich87</a>, <a href="http://profiles.wordpress.org/users/szadok">szadok</a>, <a href="http://profiles.wordpress.org/users/tetele">tetele</a>, <a href="http://profiles.wordpress.org/users/tigertech">tigertech</a>, <a href="http://profiles.wordpress.org/users/trepmal">trepmal</a>, <a href="http://profiles.wordpress.org/users/utkarsh">Utkarsh Kukreti</a>, <a href="http://profiles.wordpress.org/users/valentinas">valentinas</a>, <a href="http://profiles.wordpress.org/users/webduo">webduo</a>, <a href="http://profiles.wordpress.org/users/xibe">Xavier Borderie</a>, <a href="http://profiles.wordpress.org/users/yoavf">Yoav Farhi</a>, <a href="http://profiles.wordpress.org/users/vanillalounge">Ze Fontainhas</a>, and <a href="http://profiles.wordpress.org/users/ziofix">ziofix</a>.</p>\n<p><strong>Bonus:</strong> On their WordPress.org profiles over 20,000 people have said they make their living from WordPress. Are you one of them? <a href="http://wpsurvey.polldaddy.com/s/wp-2011">Don&#8217;t forget to take a minute for our survey</a>.</p>\n";s:7:"attribs";a:0:{}s:8:"xml_base";s:0:"";s:17:"xml_base_explicit";b:0;s:8:"xml_lang";s:0:"";}}}s:36:"http://wellformedweb.org/CommentAPI/";a:1:{s:10:"commentRss";a:1:{i:0;a:5:{s:4:"data";s:48:"http://wordpress.org/news/2011/07/gershwin/feed/";s:7:"attribs";a:0:{}s:8:"xml_base";s:0:"";s:17:"xml_base_explicit";b:0;s:8:"xml_lang";s:0:"";}}}s:38:"http://purl.org/rss/1.0/modules/slash/";a:1:{s:8:"comments";a:1:{i:0;a:5:{s:4:"data";s:1:"0";s:7:"attribs";a:0:{}s:8:"xml_base";s:0:"";s:17:"xml_base_explicit";b:0;s:8:"xml_lang";s:0:"";}}}}}i:3;a:6:{s:4:"data";s:53:"\n		\n		\n		\n		\n		\n				\n		\n		\n		\n		\n\n		\n		\n			\n			\n		\n		";s:7:"attribs";a:0:{}s:8:"xml_base";s:0:"";s:17:"xml_base_explicit";b:0;s:8:"xml_lang";s:0:"";s:5:"child";a:5:{s:0:"";a:7:{s:5:"title";a:1:{i:0;a:5:{s:4:"data";s:32:"Are You Ready for WordPress 3.2?";s:7:"attribs";a:0:{}s:8:"xml_base";s:0:"";s:17:"xml_base_explicit";b:0;s:8:"xml_lang";s:0:"";}}s:4:"link";a:1:{i:0;a:5:{s:4:"data";s:66:"http://wordpress.org/news/2011/07/are-you-ready-for-wordpress-3-2/";s:7:"attribs";a:0:{}s:8:"xml_base";s:0:"";s:17:"xml_base_explicit";b:0;s:8:"xml_lang";s:0:"";}}s:8:"comments";a:1:{i:0;a:5:{s:4:"data";s:75:"http://wordpress.org/news/2011/07/are-you-ready-for-wordpress-3-2/#comments";s:7:"attribs";a:0:{}s:8:"xml_base";s:0:"";s:17:"xml_base_explicit";b:0;s:8:"xml_lang";s:0:"";}}s:7:"pubDate";a:1:{i:0;a:5:{s:4:"data";s:31:"Sun, 03 Jul 2011 23:32:26 +0000";s:7:"attribs";a:0:{}s:8:"xml_base";s:0:"";s:17:"xml_base_explicit";b:0;s:8:"xml_lang";s:0:"";}}s:8:"category";a:5:{i:0;a:5:{s:4:"data";s:7:"Hosting";s:7:"attribs";a:0:{}s:8:"xml_base";s:0:"";s:17:"xml_base_explicit";b:0;s:8:"xml_lang";s:0:"";}i:1;a:5:{s:4:"data";s:12:"health check";s:7:"attribs";a:0:{}s:8:"xml_base";s:0:"";s:17:"xml_base_explicit";b:0;s:8:"xml_lang";s:0:"";}i:2;a:5:{s:4:"data";s:20:"minimum requirements";s:7:"attribs";a:0:{}s:8:"xml_base";s:0:"";s:17:"xml_base_explicit";b:0;s:8:"xml_lang";s:0:"";}i:3;a:5:{s:4:"data";s:5:"MySQL";s:7:"attribs";a:0:{}s:8:"xml_base";s:0:"";s:17:"xml_base_explicit";b:0;s:8:"xml_lang";s:0:"";}i:4;a:5:{s:4:"data";s:3:"PHP";s:7:"attribs";a:0:{}s:8:"xml_base";s:0:"";s:17:"xml_base_explicit";b:0;s:8:"xml_lang";s:0:"";}}s:4:"guid";a:1:{i:0;a:5:{s:4:"data";s:33:"http://wordpress.org/news/?p=1952";s:7:"attribs";a:1:{s:0:"";a:1:{s:11:"isPermaLink";s:5:"false";}}s:8:"xml_base";s:0:"";s:17:"xml_base_explicit";b:0;s:8:"xml_lang";s:0:"";}}s:11:"description";a:1:{i:0;a:5:{s:4:"data";s:312:"WordPress 3.2 is going to be released very soon, and we want you to be ready! Take note: the minimum requirements are changing. PHP and MySQL As of 3.2, you&#8217;ll need to be running PHP 5.2.4 and MySQL 5.0. As we mentioned almost a year ago when we announced that this change was coming, the percentage [...]";s:7:"attribs";a:0:{}s:8:"xml_base";s:0:"";s:17:"xml_base_explicit";b:0;s:8:"xml_lang";s:0:"";}}}s:32:"http://purl.org/dc/elements/1.1/";a:1:{s:7:"creator";a:1:{i:0;a:5:{s:4:"data";s:10:"Jane Wells";s:7:"attribs";a:0:{}s:8:"xml_base";s:0:"";s:17:"xml_base_explicit";b:0;s:8:"xml_lang";s:0:"";}}}s:40:"http://purl.org/rss/1.0/modules/content/";a:1:{s:7:"encoded";a:1:{i:0;a:5:{s:4:"data";s:4342:"<p>WordPress 3.2 is going to be released very soon, and we want you to be ready! Take note: <strong>the minimum requirements are changing</strong>.</p>\n<h3>PHP and MySQL</h3>\n<p>As of 3.2, you&#8217;ll need to be running PHP 5.2.4 and MySQL 5.0. <a title="EOL Announcement for PHP4 and MySQL4" href="http://wordpress.org/news/2010/07/eol-for-php4-and-mysql4/">As we mentioned almost a year ago when we announced that this change was coming</a>, the percentage of people running older versions of PHP and MySQL is relatively low. With more than 45 million people using WordPress, though, even a small percentage can mean a lot of people! Don&#8217;t caught with your <del>pants</del> dashboard down &#8212; make sure you&#8217;re running compatible versions of PHP and MySQL before you update <del>tomorrow</del> when WordPress 3.2 is released.</p>\n<p>Log in to your hosting account, and check to make sure you have at least  PHP 5.2.4 and MySQL 5.0. Most of the major hosts already default to these or newer versions, but there are some exceptions. Check to see which versions you are running, and if you&#8217;re still on an older version, it should be as simple as changing a dropdown menu and clicking Save to get up to date.</p>\n<p>If you don&#8217;t know how to find this information in your hosting account or you don&#8217;t even know how to access your hosting control panel because someone else manages that for you, don&#8217;t fret. You can <a href="http://wordpress.org/extend/plugins/health-check/">find out if you&#8217;re ready for 3.2 with the Health Check plugin</a>. In your dashboard, go to Plugins → Add New and search for &#8220;health check&#8221; (it should be the first result). Install it, activate it, and it will tell you if you need to update anything.</p>\n<p>If you need more help, contact your host&#8217;s customer service and use this email template to ask them to help you.</p>\n<blockquote><p>Hi there. I host my domain [example.com] with you, and I run WordPress on my site. The minimum requirements are changing to PHP 5.2.4 and MySQL 5.0, and I would appreciate your help in confirming that my site&#8217;s setup meets these requirements. If I&#8217;m currently running an older version of PHP or MySQL, could you update it for me, or tell me how to do it? Thanks so much!</p></blockquote>\n<p>If your host replies that they can&#8217;t update to these versions, it might be time to <a href="http://wordpress.org/hosting/">look for a new host</a>.</p>\n<h3>IE6 and Outdated Browsers</h3>\n<p>With 3.2, we&#8217;re also dropping support for Internet Explorer 6, a 10-years-old outdated browser that even <a href="http://www.ie6countdown.com/">Microsoft is ready to leave behind</a>. From now on, if you access your WordPress dashboard from an outdated browser, we&#8217;ll let you know. Why? Because as web technology improves, so does WordPress, as we build features to take advantage of these improvements. If you&#8217;re using an out-of-date browser, chances are you&#8217;re missing out.</p>\n<p>If your browser is out of date, you&#8217;ll see a friendly orangey-yellow box in your dashboard letting you know you a newer version is available (which you can dismiss, of course). If you&#8217;re using IE6, though, the box will be red, and your dashboard will not function properly. If you&#8217;re stuck on IE6 because the computer you use is maintained by a business, library, school, or the like, and you are not able to download a newer browser, here&#8217;s a sample email you can use to ask your boss/administrator/IT guys to update the browser.</p>\n<blockquote><p>Hi there. The computer I use at [where you use the computer] is equipped with an out-of-date web browser. Internet Explorer 6 was created 10 years ago, before modern web standards, and does not support modern web applications. More and more sites and applications are dropping support for IE6, including the new version of WordPress. Even Microsoft, the makers of IE6, are counting down until IE6 goes the way of the dinosaur (see http://www.ie6countdown.com/ for more information). Can you please install an updated version of IE or any modern browser (see http://browsehappy.com for more information) on the available computers? Thank you very much.</p></blockquote>\n<p>Welcome to the future!</p>\n<p>&nbsp;</p>\n<p>&nbsp;</p>\n";s:7:"attribs";a:0:{}s:8:"xml_base";s:0:"";s:17:"xml_base_explicit";b:0;s:8:"xml_lang";s:0:"";}}}s:36:"http://wellformedweb.org/CommentAPI/";a:1:{s:10:"commentRss";a:1:{i:0;a:5:{s:4:"data";s:71:"http://wordpress.org/news/2011/07/are-you-ready-for-wordpress-3-2/feed/";s:7:"attribs";a:0:{}s:8:"xml_base";s:0:"";s:17:"xml_base_explicit";b:0;s:8:"xml_lang";s:0:"";}}}s:38:"http://purl.org/rss/1.0/modules/slash/";a:1:{s:8:"comments";a:1:{i:0;a:5:{s:4:"data";s:1:"0";s:7:"attribs";a:0:{}s:8:"xml_base";s:0:"";s:17:"xml_base_explicit";b:0;s:8:"xml_lang";s:0:"";}}}}}i:4;a:6:{s:4:"data";s:44:"\n		\n		\n		\n		\n		\n				\n		\n\n		\n		\n			\n			\n		\n		";s:7:"attribs";a:0:{}s:8:"xml_base";s:0:"";s:17:"xml_base_explicit";b:0;s:8:"xml_lang";s:0:"";s:5:"child";a:5:{s:0:"";a:7:{s:5:"title";a:1:{i:0;a:5:{s:4:"data";s:45:"WordPress 3.1.4 (and 3.2 Release Candidate 3)";s:7:"attribs";a:0:{}s:8:"xml_base";s:0:"";s:17:"xml_base_explicit";b:0;s:8:"xml_lang";s:0:"";}}s:4:"link";a:1:{i:0;a:5:{s:4:"data";s:50:"http://wordpress.org/news/2011/06/wordpress-3-1-4/";s:7:"attribs";a:0:{}s:8:"xml_base";s:0:"";s:17:"xml_base_explicit";b:0;s:8:"xml_lang";s:0:"";}}s:8:"comments";a:1:{i:0;a:5:{s:4:"data";s:59:"http://wordpress.org/news/2011/06/wordpress-3-1-4/#comments";s:7:"attribs";a:0:{}s:8:"xml_base";s:0:"";s:17:"xml_base_explicit";b:0;s:8:"xml_lang";s:0:"";}}s:7:"pubDate";a:1:{i:0;a:5:{s:4:"data";s:31:"Wed, 29 Jun 2011 19:00:40 +0000";s:7:"attribs";a:0:{}s:8:"xml_base";s:0:"";s:17:"xml_base_explicit";b:0;s:8:"xml_lang";s:0:"";}}s:8:"category";a:2:{i:0;a:5:{s:4:"data";s:8:"Releases";s:7:"attribs";a:0:{}s:8:"xml_base";s:0:"";s:17:"xml_base_explicit";b:0;s:8:"xml_lang";s:0:"";}i:1;a:5:{s:4:"data";s:8:"Security";s:7:"attribs";a:0:{}s:8:"xml_base";s:0:"";s:17:"xml_base_explicit";b:0;s:8:"xml_lang";s:0:"";}}s:4:"guid";a:1:{i:0;a:5:{s:4:"data";s:33:"http://wordpress.org/news/?p=1927";s:7:"attribs";a:1:{s:0:"";a:1:{s:11:"isPermaLink";s:5:"false";}}s:8:"xml_base";s:0:"";s:17:"xml_base_explicit";b:0;s:8:"xml_lang";s:0:"";}}s:11:"description";a:1:{i:0;a:5:{s:4:"data";s:368:"WordPress 3.1.4 is available now and is a maintenance and security update for all previous versions. This release fixes an issue that could allow a malicious Editor-level user to gain further access to the site. Thanks K. Gudinavicius of SEC Consult for bringing this to our attention. Version 3.1.4 also incorporates several other security fixes and hardening [...]";s:7:"attribs";a:0:{}s:8:"xml_base";s:0:"";s:17:"xml_base_explicit";b:0;s:8:"xml_lang";s:0:"";}}}s:32:"http://purl.org/dc/elements/1.1/";a:1:{s:7:"creator";a:1:{i:0;a:5:{s:4:"data";s:10:"Ryan Boren";s:7:"attribs";a:0:{}s:8:"xml_base";s:0:"";s:17:"xml_base_explicit";b:0;s:8:"xml_lang";s:0:"";}}}s:40:"http://purl.org/rss/1.0/modules/content/";a:1:{s:7:"encoded";a:1:{i:0;a:5:{s:4:"data";s:2016:"<p>WordPress 3.1.4 is available now and is a maintenance and security update for all previous versions.</p>\n<p>This release fixes an issue that could allow a malicious Editor-level user to gain further access to the site. Thanks K. Gudinavicius of <a href="http://www.sec-consult.com/">SEC Consult</a> for bringing this to our attention. Version 3.1.4 also incorporates several other security fixes and hardening measures thanks to the work of WordPress developers <a href="http://www.buayacorp.com/">Alexander Concha</a> and <a href="http://joncave.co.uk/">Jon Cave</a> of our security team. Consult the <a href="http://core.trac.wordpress.org/log/branches/3.1/?action=stop_on_copy&amp;mode=stop_on_copy&amp;rev=18377&amp;stop_rev=18043">change log</a> for more details.</p>\n<p><strong><a href="http://wordpress.org/download/"><strong>Download WordPress 3.1.4</strong></a> or update immediately from the Dashboard → Updates menu in your site&#8217;s admin area.</strong></p>\n<h3>WordPress 3.2 Release Candidate 3</h3>\n<p>This release was about all that stood in the way of a final release of WordPress 3.2. So we&#8217;re also announcing the third release candidate for 3.2, which contains all of the fixes in 3.1.4; few minor RTL, JavaScript, and user interface fixes; and ensures graceful failures if 3.2 is run on PHP4. As a reminder, we&#8217;ve bumped our minimum requirements for version 3.2 to PHP 5.2.4 and MySQL 5.0.</p>\n<p>To test WordPress 3.2, try the <a href="http://wordpress.org/extend/plugins/wordpress-beta-tester/">WordPress Beta Tester plugin</a> (you&#8217;ll want &#8220;bleeding edge nightlies&#8221;). Or you can <a href="http://wordpress.org/wordpress-3.2-RC3.zip">download the release candidate here</a> (zip). At this stage, plugin authors should be doing final tests to ensure compatibility.</p>\n<p><em>Bonus: For more on what to test and what to do if you find an issue, please read <a href="http://wordpress.org/news/2011/05/wordpress-3-2-beta-1/">our Beta 1 post</a>.</em></p>\n";s:7:"attribs";a:0:{}s:8:"xml_base";s:0:"";s:17:"xml_base_explicit";b:0;s:8:"xml_lang";s:0:"";}}}s:36:"http://wellformedweb.org/CommentAPI/";a:1:{s:10:"commentRss";a:1:{i:0;a:5:{s:4:"data";s:55:"http://wordpress.org/news/2011/06/wordpress-3-1-4/feed/";s:7:"attribs";a:0:{}s:8:"xml_base";s:0:"";s:17:"xml_base_explicit";b:0;s:8:"xml_lang";s:0:"";}}}s:38:"http://purl.org/rss/1.0/modules/slash/";a:1:{s:8:"comments";a:1:{i:0;a:5:{s:4:"data";s:1:"0";s:7:"attribs";a:0:{}s:8:"xml_base";s:0:"";s:17:"xml_base_explicit";b:0;s:8:"xml_lang";s:0:"";}}}}}i:5;a:6:{s:4:"data";s:41:"\n		\n		\n		\n		\n		\n				\n\n		\n		\n			\n			\n		\n		";s:7:"attribs";a:0:{}s:8:"xml_base";s:0:"";s:17:"xml_base_explicit";b:0;s:8:"xml_lang";s:0:"";s:5:"child";a:5:{s:0:"";a:7:{s:5:"title";a:1:{i:0;a:5:{s:4:"data";s:33:"WordPress 3.2 Release Candidate 2";s:7:"attribs";a:0:{}s:8:"xml_base";s:0:"";s:17:"xml_base_explicit";b:0;s:8:"xml_lang";s:0:"";}}s:4:"link";a:1:{i:0;a:5:{s:4:"data";s:68:"http://wordpress.org/news/2011/06/wordpress-3-2-release-candidate-2/";s:7:"attribs";a:0:{}s:8:"xml_base";s:0:"";s:17:"xml_base_explicit";b:0;s:8:"xml_lang";s:0:"";}}s:8:"comments";a:1:{i:0;a:5:{s:4:"data";s:77:"http://wordpress.org/news/2011/06/wordpress-3-2-release-candidate-2/#comments";s:7:"attribs";a:0:{}s:8:"xml_base";s:0:"";s:17:"xml_base_explicit";b:0;s:8:"xml_lang";s:0:"";}}s:7:"pubDate";a:1:{i:0;a:5:{s:4:"data";s:31:"Fri, 24 Jun 2011 23:15:22 +0000";s:7:"attribs";a:0:{}s:8:"xml_base";s:0:"";s:17:"xml_base_explicit";b:0;s:8:"xml_lang";s:0:"";}}s:8:"category";a:1:{i:0;a:5:{s:4:"data";s:7:"Testing";s:7:"attribs";a:0:{}s:8:"xml_base";s:0:"";s:17:"xml_base_explicit";b:0;s:8:"xml_lang";s:0:"";}}s:4:"guid";a:1:{i:0;a:5:{s:4:"data";s:33:"http://wordpress.org/news/?p=1915";s:7:"attribs";a:1:{s:0:"";a:1:{s:11:"isPermaLink";s:5:"false";}}s:8:"xml_base";s:0:"";s:17:"xml_base_explicit";b:0;s:8:"xml_lang";s:0:"";}}s:11:"description";a:1:{i:0;a:5:{s:4:"data";s:358:"Howdy! The second release candidate for WordPress 3.2 is now available. If you haven&#8217;t tested WordPress 3.2 yet, now is the time &#8212; please though, not on your live site unless you’re extra adventurous. We&#8217;ve handled a number of issues since RC1, including additional Twenty Eleven tweaks, a new theme support option for defaulting to [...]";s:7:"attribs";a:0:{}s:8:"xml_base";s:0:"";s:17:"xml_base_explicit";b:0;s:8:"xml_lang";s:0:"";}}}s:32:"http://purl.org/dc/elements/1.1/";a:1:{s:7:"creator";a:1:{i:0;a:5:{s:4:"data";s:12:"Andrew Nacin";s:7:"attribs";a:0:{}s:8:"xml_base";s:0:"";s:17:"xml_base_explicit";b:0;s:8:"xml_lang";s:0:"";}}}s:40:"http://purl.org/rss/1.0/modules/content/";a:1:{s:7:"encoded";a:1:{i:0;a:5:{s:4:"data";s:1876:"<p>Howdy! The second release candidate for WordPress 3.2 is now available. If you haven&#8217;t tested WordPress 3.2 yet, now is the time &#8212; please though, not on your live site unless you’re extra adventurous.</p>\n<p>We&#8217;ve handled a number of issues since RC1, including additional Twenty Eleven tweaks, a new theme support option for defaulting to randomized headers, and various RTL fixes.</p>\n<p>Plugin and theme authors, <strong>please test your plugins and themes now</strong>, so that if there is a compatibility issue, we can figure it out before the final release. Users are also encouraged to test things out. If you find problems, let your plugin/theme authors know so they can figure out the cause. If you are testing the release candidate and think you&#8217;ve found a bug, there are a few ways to let us know:</p>\n<ul>\n<li>Post it to the <a href="http://wordpress.org/support/forum/alphabeta/">Alpha/Beta area in the support forums</a> or <a href="http://lists.automattic.com/mailman/listinfo/wp-testers">wp-testers</a></li>\n<li>Join the development IRC channel and tell us live at irc.freenode.net #wordpress-dev</li>\n<li>File a bug ticket on the <a href="http://core.trac.wordpress.org/">WordPress Trac</a></li>\n</ul>\n<p>To test WordPress 3.2, try the <a href="http://wordpress.org/extend/plugins/wordpress-beta-tester/">WordPress Beta Tester plugin</a> (you&#8217;ll want &#8220;bleeding edge nightlies&#8221;). Or you can <a href="http://wordpress.org/wordpress-3.2-RC2.zip">download the release candidate here</a> (zip).</p>\n<p>If any known issues crop up, you&#8217;ll be able to <a href="http://core.trac.wordpress.org/report/5">find them here</a>. If you&#8217;d like to know which levers to pull in your testing, <a href="http://wordpress.org/news/2011/05/wordpress-3-2-beta-1/">check out a list of features</a> in our Beta 1 post.</p>\n";s:7:"attribs";a:0:{}s:8:"xml_base";s:0:"";s:17:"xml_base_explicit";b:0;s:8:"xml_lang";s:0:"";}}}s:36:"http://wellformedweb.org/CommentAPI/";a:1:{s:10:"commentRss";a:1:{i:0;a:5:{s:4:"data";s:73:"http://wordpress.org/news/2011/06/wordpress-3-2-release-candidate-2/feed/";s:7:"attribs";a:0:{}s:8:"xml_base";s:0:"";s:17:"xml_base_explicit";b:0;s:8:"xml_lang";s:0:"";}}}s:38:"http://purl.org/rss/1.0/modules/slash/";a:1:{s:8:"comments";a:1:{i:0;a:5:{s:4:"data";s:1:"0";s:7:"attribs";a:0:{}s:8:"xml_base";s:0:"";s:17:"xml_base_explicit";b:0;s:8:"xml_lang";s:0:"";}}}}}i:6;a:6:{s:4:"data";s:41:"\n		\n		\n		\n		\n		\n				\n\n		\n		\n			\n			\n		\n		";s:7:"attribs";a:0:{}s:8:"xml_base";s:0:"";s:17:"xml_base_explicit";b:0;s:8:"xml_lang";s:0:"";s:5:"child";a:5:{s:0:"";a:7:{s:5:"title";a:1:{i:0;a:5:{s:4:"data";s:15:"Passwords Reset";s:7:"attribs";a:0:{}s:8:"xml_base";s:0:"";s:17:"xml_base_explicit";b:0;s:8:"xml_lang";s:0:"";}}s:4:"link";a:1:{i:0;a:5:{s:4:"data";s:50:"http://wordpress.org/news/2011/06/passwords-reset/";s:7:"attribs";a:0:{}s:8:"xml_base";s:0:"";s:17:"xml_base_explicit";b:0;s:8:"xml_lang";s:0:"";}}s:8:"comments";a:1:{i:0;a:5:{s:4:"data";s:59:"http://wordpress.org/news/2011/06/passwords-reset/#comments";s:7:"attribs";a:0:{}s:8:"xml_base";s:0:"";s:17:"xml_base_explicit";b:0;s:8:"xml_lang";s:0:"";}}s:7:"pubDate";a:1:{i:0;a:5:{s:4:"data";s:31:"Tue, 21 Jun 2011 23:57:42 +0000";s:7:"attribs";a:0:{}s:8:"xml_base";s:0:"";s:17:"xml_base_explicit";b:0;s:8:"xml_lang";s:0:"";}}s:8:"category";a:1:{i:0;a:5:{s:4:"data";s:8:"Security";s:7:"attribs";a:0:{}s:8:"xml_base";s:0:"";s:17:"xml_base_explicit";b:0;s:8:"xml_lang";s:0:"";}}s:4:"guid";a:1:{i:0;a:5:{s:4:"data";s:33:"http://wordpress.org/news/?p=1908";s:7:"attribs";a:1:{s:0:"";a:1:{s:11:"isPermaLink";s:5:"false";}}s:8:"xml_base";s:0:"";s:17:"xml_base_explicit";b:0;s:8:"xml_lang";s:0:"";}}s:11:"description";a:1:{i:0;a:5:{s:4:"data";s:376:"Earlier today the WordPress team noticed suspicious commits to several popular plugins (AddThis, WPtouch, and W3 Total Cache) containing cleverly disguised backdoors. We determined the commits were not from the authors, rolled them back, pushed updates to the plugins, and shut down access to the plugin repository while we looked for anything else unsavory. We&#8217;re [...]";s:7:"attribs";a:0:{}s:8:"xml_base";s:0:"";s:17:"xml_base_explicit";b:0;s:8:"xml_lang";s:0:"";}}}s:32:"http://purl.org/dc/elements/1.1/";a:1:{s:7:"creator";a:1:{i:0;a:5:{s:4:"data";s:14:"Matt Mullenweg";s:7:"attribs";a:0:{}s:8:"xml_base";s:0:"";s:17:"xml_base_explicit";b:0;s:8:"xml_lang";s:0:"";}}}s:40:"http://purl.org/rss/1.0/modules/content/";a:1:{s:7:"encoded";a:1:{i:0;a:5:{s:4:"data";s:1290:"<p>Earlier today the WordPress team noticed suspicious commits to several popular plugins (AddThis, WPtouch, and W3 Total Cache) containing cleverly disguised backdoors. We determined the commits were not from the authors, rolled them back, pushed updates to the plugins, and shut down access to the plugin repository while we looked for anything else unsavory.</p>\n<p>We&#8217;re still investigating what happened, but as a prophylactic measure we&#8217;ve decided to force-reset all passwords on WordPress.org. To use the forums, trac, or commit to a plugin or theme, you&#8217;ll need to <a href="http://wordpress.org/support/bb-login.php">reset your password to a new one</a>. (Same for bbPress.org and BuddyPress.org.)</p>\n<p>As a user, make sure to never use the same password for two different services, and we encourage you not to reset your password to be the same as your old one.</p>\n<p>Second, if you use <a href="http://wordpress.org/extend/plugins/addthis/">AddThis</a>, <a href="http://wordpress.org/extend/plugins/wptouch/">WPtouch</a>, or <a href="http://wordpress.org/extend/plugins/w3-total-cache/">W3 Total Cache</a> and there&#8217;s a possibility you could have updated in the past day, make sure to visit your updates page and upgrade each to the latest version.</p>\n";s:7:"attribs";a:0:{}s:8:"xml_base";s:0:"";s:17:"xml_base_explicit";b:0;s:8:"xml_lang";s:0:"";}}}s:36:"http://wellformedweb.org/CommentAPI/";a:1:{s:10:"commentRss";a:1:{i:0;a:5:{s:4:"data";s:55:"http://wordpress.org/news/2011/06/passwords-reset/feed/";s:7:"attribs";a:0:{}s:8:"xml_base";s:0:"";s:17:"xml_base_explicit";b:0;s:8:"xml_lang";s:0:"";}}}s:38:"http://purl.org/rss/1.0/modules/slash/";a:1:{s:8:"comments";a:1:{i:0;a:5:{s:4:"data";s:1:"0";s:7:"attribs";a:0:{}s:8:"xml_base";s:0:"";s:17:"xml_base_explicit";b:0;s:8:"xml_lang";s:0:"";}}}}}i:7;a:6:{s:4:"data";s:47:"\n		\n		\n		\n		\n		\n				\n		\n		\n\n		\n		\n			\n			\n		\n		";s:7:"attribs";a:0:{}s:8:"xml_base";s:0:"";s:17:"xml_base_explicit";b:0;s:8:"xml_lang";s:0:"";s:5:"child";a:5:{s:0:"";a:7:{s:5:"title";a:1:{i:0;a:5:{s:4:"data";s:31:"WordPress 3.2 Release Candidate";s:7:"attribs";a:0:{}s:8:"xml_base";s:0:"";s:17:"xml_base_explicit";b:0;s:8:"xml_lang";s:0:"";}}s:4:"link";a:1:{i:0;a:5:{s:4:"data";s:66:"http://wordpress.org/news/2011/06/wordpress-3-2-release-candidate/";s:7:"attribs";a:0:{}s:8:"xml_base";s:0:"";s:17:"xml_base_explicit";b:0;s:8:"xml_lang";s:0:"";}}s:8:"comments";a:1:{i:0;a:5:{s:4:"data";s:75:"http://wordpress.org/news/2011/06/wordpress-3-2-release-candidate/#comments";s:7:"attribs";a:0:{}s:8:"xml_base";s:0:"";s:17:"xml_base_explicit";b:0;s:8:"xml_lang";s:0:"";}}s:7:"pubDate";a:1:{i:0;a:5:{s:4:"data";s:31:"Tue, 14 Jun 2011 04:28:39 +0000";s:7:"attribs";a:0:{}s:8:"xml_base";s:0:"";s:17:"xml_base_explicit";b:0;s:8:"xml_lang";s:0:"";}}s:8:"category";a:3:{i:0;a:5:{s:4:"data";s:11:"Development";s:7:"attribs";a:0:{}s:8:"xml_base";s:0:"";s:17:"xml_base_explicit";b:0;s:8:"xml_lang";s:0:"";}i:1;a:5:{s:4:"data";s:8:"Releases";s:7:"attribs";a:0:{}s:8:"xml_base";s:0:"";s:17:"xml_base_explicit";b:0;s:8:"xml_lang";s:0:"";}i:2;a:5:{s:4:"data";s:7:"Testing";s:7:"attribs";a:0:{}s:8:"xml_base";s:0:"";s:17:"xml_base_explicit";b:0;s:8:"xml_lang";s:0:"";}}s:4:"guid";a:1:{i:0;a:5:{s:4:"data";s:33:"http://wordpress.org/news/?p=1890";s:7:"attribs";a:1:{s:0:"";a:1:{s:11:"isPermaLink";s:5:"false";}}s:8:"xml_base";s:0:"";s:17:"xml_base_explicit";b:0;s:8:"xml_lang";s:0:"";}}s:11:"description";a:1:{i:0;a:5:{s:4:"data";s:341:"The first release candidate (RC1) for WordPress 3.2 is now available. An RC comes after the beta period and before final release. We think we’re done, but with tens of millions of users, a variety of configurations, and thousands of plugins, it’s possible we’ve missed something. So if you haven’t tested WordPress 3.2 yet, now [...]";s:7:"attribs";a:0:{}s:8:"xml_base";s:0:"";s:17:"xml_base_explicit";b:0;s:8:"xml_lang";s:0:"";}}}s:32:"http://purl.org/dc/elements/1.1/";a:1:{s:7:"creator";a:1:{i:0;a:5:{s:4:"data";s:12:"Andrew Nacin";s:7:"attribs";a:0:{}s:8:"xml_base";s:0:"";s:17:"xml_base_explicit";b:0;s:8:"xml_lang";s:0:"";}}}s:40:"http://purl.org/rss/1.0/modules/content/";a:1:{s:7:"encoded";a:1:{i:0;a:5:{s:4:"data";s:2297:"<p>The first release candidate (RC1) for WordPress 3.2 is now available.</p>\n<p>An RC comes after the beta period and before final release. We think we’re done, but with tens of millions of users, a variety of configurations, and thousands of plugins, it’s possible we’ve missed something. So if you haven’t tested WordPress 3.2 yet, now is the time! Please though, not on your live site unless you’re extra adventurous.</p>\n<p>Things to keep in mind:</p>\n<ul>\n<li>With <a href="http://core.trac.wordpress.org/milestone/3.2">more than 350 tickets closed</a>, there are plenty of changes. Plugin and theme authors, <strong>please test your plugins and themes now</strong>, so that if there is a compatibility issue, we can figure it out before the final release.</li>\n<li><strong>Users</strong> are also encouraged to test things out. If you find problems, let your plugin/theme authors know so they can figure out the cause.</li>\n<li>Twenty Eleven isn&#8217;t quite at the release candidate stage. <a href="http://cheezburger.com/Mmmbop/lolz/View/4683101952">Contents may settle</a>.</li>\n<li>If any known issues crop up, you&#8217;ll be able to <a href="http://core.trac.wordpress.org/report/5">find them here</a>.</li>\n</ul>\n<p>If you are testing the release candidate and think you&#8217;ve found a bug, there are a few ways to let us know:</p>\n<ul>\n<li>Post it to the <a href="http://wordpress.org/support/forum/alphabeta/">Alpha/Beta area in the support forums</a> or <a href="http://lists.automattic.com/mailman/listinfo/wp-testers">wp-testers</a></li>\n<li>Join the development IRC channel and tell us live at irc.freenode.net #wordpress-dev</li>\n<li>File a bug ticket on the <a href="http://core.trac.wordpress.org/">WordPress Trac</a></li>\n</ul>\n<p>To test WordPress 3.2, try the <a href="http://wordpress.org/extend/plugins/wordpress-beta-tester/">WordPress Beta Tester plugin</a> (you&#8217;ll want &#8220;bleeding edge nightlies&#8221;). Or you can <a href="http://wordpress.org/wordpress-3.2-RC1.zip">download the release candidate here</a> (zip).</p>\n<p>Happy testing!</p>\n<p><em>If you&#8217;d like to know which levers to pull in your testing, <a href="http://wordpress.org/news/2011/05/wordpress-3-2-beta-1/">check out a list of features</a> in our Beta 1 post.</em></p>\n";s:7:"attribs";a:0:{}s:8:"xml_base";s:0:"";s:17:"xml_base_explicit";b:0;s:8:"xml_lang";s:0:"";}}}s:36:"http://wellformedweb.org/CommentAPI/";a:1:{s:10:"commentRss";a:1:{i:0;a:5:{s:4:"data";s:71:"http://wordpress.org/news/2011/06/wordpress-3-2-release-candidate/feed/";s:7:"attribs";a:0:{}s:8:"xml_base";s:0:"";s:17:"xml_base_explicit";b:0;s:8:"xml_lang";s:0:"";}}}s:38:"http://purl.org/rss/1.0/modules/slash/";a:1:{s:8:"comments";a:1:{i:0;a:5:{s:4:"data";s:1:"0";s:7:"attribs";a:0:{}s:8:"xml_base";s:0:"";s:17:"xml_base_explicit";b:0;s:8:"xml_lang";s:0:"";}}}}}i:8;a:6:{s:4:"data";s:47:"\n		\n		\n		\n		\n		\n				\n		\n		\n\n		\n		\n			\n			\n		\n		";s:7:"attribs";a:0:{}s:8:"xml_base";s:0:"";s:17:"xml_base_explicit";b:0;s:8:"xml_lang";s:0:"";s:5:"child";a:5:{s:0:"";a:7:{s:5:"title";a:1:{i:0;a:5:{s:4:"data";s:40:"WordCamp San Francisco Call for Speakers";s:7:"attribs";a:0:{}s:8:"xml_base";s:0:"";s:17:"xml_base_explicit";b:0;s:8:"xml_lang";s:0:"";}}s:4:"link";a:1:{i:0;a:5:{s:4:"data";s:75:"http://wordpress.org/news/2011/05/wordcamp-san-francisco-call-for-speakers/";s:7:"attribs";a:0:{}s:8:"xml_base";s:0:"";s:17:"xml_base_explicit";b:0;s:8:"xml_lang";s:0:"";}}s:8:"comments";a:1:{i:0;a:5:{s:4:"data";s:84:"http://wordpress.org/news/2011/05/wordcamp-san-francisco-call-for-speakers/#comments";s:7:"attribs";a:0:{}s:8:"xml_base";s:0:"";s:17:"xml_base_explicit";b:0;s:8:"xml_lang";s:0:"";}}s:7:"pubDate";a:1:{i:0;a:5:{s:4:"data";s:31:"Tue, 31 May 2011 18:59:48 +0000";s:7:"attribs";a:0:{}s:8:"xml_base";s:0:"";s:17:"xml_base_explicit";b:0;s:8:"xml_lang";s:0:"";}}s:8:"category";a:3:{i:0;a:5:{s:4:"data";s:9:"Community";s:7:"attribs";a:0:{}s:8:"xml_base";s:0:"";s:17:"xml_base_explicit";b:0;s:8:"xml_lang";s:0:"";}i:1;a:5:{s:4:"data";s:8:"WordCamp";s:7:"attribs";a:0:{}s:8:"xml_base";s:0:"";s:17:"xml_base_explicit";b:0;s:8:"xml_lang";s:0:"";}i:2;a:5:{s:4:"data";s:4:"wcsf";s:7:"attribs";a:0:{}s:8:"xml_base";s:0:"";s:17:"xml_base_explicit";b:0;s:8:"xml_lang";s:0:"";}}s:4:"guid";a:1:{i:0;a:5:{s:4:"data";s:33:"http://wordpress.org/news/?p=1886";s:7:"attribs";a:1:{s:0:"";a:1:{s:11:"isPermaLink";s:5:"false";}}s:8:"xml_base";s:0:"";s:17:"xml_base_explicit";b:0;s:8:"xml_lang";s:0:"";}}s:11:"description";a:1:{i:0;a:5:{s:4:"data";s:425:"The annual WordPress conference, WordCamp San Francisco (home of the very first WordCamp), is now accepting speaker applications. Past speakers have included core WordPress developers, people building successful businesses on WordPress, popular bloggers, people from related projects and businesses&#8230;you name it. In addition to Matt Mullenweg&#8217;s annual &#8220;State of the Word&#8221; address, WCSF has played [...]";s:7:"attribs";a:0:{}s:8:"xml_base";s:0:"";s:17:"xml_base_explicit";b:0;s:8:"xml_lang";s:0:"";}}}s:32:"http://purl.org/dc/elements/1.1/";a:1:{s:7:"creator";a:1:{i:0;a:5:{s:4:"data";s:10:"Jane Wells";s:7:"attribs";a:0:{}s:8:"xml_base";s:0:"";s:17:"xml_base_explicit";b:0;s:8:"xml_lang";s:0:"";}}}s:40:"http://purl.org/rss/1.0/modules/content/";a:1:{s:7:"encoded";a:1:{i:0;a:5:{s:4:"data";s:905:"<p>The annual WordPress conference, <a href="http://2011.sf.wordcamp.org/">WordCamp San Francisco</a> (home of the very first WordCamp), is now accepting speaker applications. Past speakers have included core WordPress developers, people building successful businesses on WordPress, popular bloggers, people from related projects and businesses&#8230;you name it. In addition to Matt Mullenweg&#8217;s annual &#8220;State of the Word&#8221; address, WCSF has played host to talks by people like Mark Jaquith, Matt Cutts, Richard Stallman, Scott Berkun, Karl Fogel, Tim Ferriss, Tara Hunt, Chris Pirillo, and John Lilly. With 3 days of content this year instead of just one, the list of speakers should be even more impressive. If you think you&#8217;d make a good addition to this year&#8217;s roster, check out the <a href="http://2011.sf.wordcamp.org/call-for-speakers/">WCSF Call for Speakers</a>.</p>\n";s:7:"attribs";a:0:{}s:8:"xml_base";s:0:"";s:17:"xml_base_explicit";b:0;s:8:"xml_lang";s:0:"";}}}s:36:"http://wellformedweb.org/CommentAPI/";a:1:{s:10:"commentRss";a:1:{i:0;a:5:{s:4:"data";s:80:"http://wordpress.org/news/2011/05/wordcamp-san-francisco-call-for-speakers/feed/";s:7:"attribs";a:0:{}s:8:"xml_base";s:0:"";s:17:"xml_base_explicit";b:0;s:8:"xml_lang";s:0:"";}}}s:38:"http://purl.org/rss/1.0/modules/slash/";a:1:{s:8:"comments";a:1:{i:0;a:5:{s:4:"data";s:1:"0";s:7:"attribs";a:0:{}s:8:"xml_base";s:0:"";s:17:"xml_base_explicit";b:0;s:8:"xml_lang";s:0:"";}}}}}i:9;a:6:{s:4:"data";s:47:"\n		\n		\n		\n		\n		\n				\n		\n		\n\n		\n		\n			\n			\n		\n		";s:7:"attribs";a:0:{}s:8:"xml_base";s:0:"";s:17:"xml_base_explicit";b:0;s:8:"xml_lang";s:0:"";s:5:"child";a:5:{s:0:"";a:7:{s:5:"title";a:1:{i:0;a:5:{s:4:"data";s:42:"WordPress 3.1.3 (and WordPress 3.2 Beta 2)";s:7:"attribs";a:0:{}s:8:"xml_base";s:0:"";s:17:"xml_base_explicit";b:0;s:8:"xml_lang";s:0:"";}}s:4:"link";a:1:{i:0;a:5:{s:4:"data";s:50:"http://wordpress.org/news/2011/05/wordpress-3-1-3/";s:7:"attribs";a:0:{}s:8:"xml_base";s:0:"";s:17:"xml_base_explicit";b:0;s:8:"xml_lang";s:0:"";}}s:8:"comments";a:1:{i:0;a:5:{s:4:"data";s:59:"http://wordpress.org/news/2011/05/wordpress-3-1-3/#comments";s:7:"attribs";a:0:{}s:8:"xml_base";s:0:"";s:17:"xml_base_explicit";b:0;s:8:"xml_lang";s:0:"";}}s:7:"pubDate";a:1:{i:0;a:5:{s:4:"data";s:31:"Wed, 25 May 2011 18:43:28 +0000";s:7:"attribs";a:0:{}s:8:"xml_base";s:0:"";s:17:"xml_base_explicit";b:0;s:8:"xml_lang";s:0:"";}}s:8:"category";a:3:{i:0;a:5:{s:4:"data";s:11:"Development";s:7:"attribs";a:0:{}s:8:"xml_base";s:0:"";s:17:"xml_base_explicit";b:0;s:8:"xml_lang";s:0:"";}i:1;a:5:{s:4:"data";s:8:"Releases";s:7:"attribs";a:0:{}s:8:"xml_base";s:0:"";s:17:"xml_base_explicit";b:0;s:8:"xml_lang";s:0:"";}i:2;a:5:{s:4:"data";s:8:"Security";s:7:"attribs";a:0:{}s:8:"xml_base";s:0:"";s:17:"xml_base_explicit";b:0;s:8:"xml_lang";s:0:"";}}s:4:"guid";a:1:{i:0;a:5:{s:4:"data";s:33:"http://wordpress.org/news/?p=1838";s:7:"attribs";a:1:{s:0:"";a:1:{s:11:"isPermaLink";s:5:"false";}}s:8:"xml_base";s:0:"";s:17:"xml_base_explicit";b:0;s:8:"xml_lang";s:0:"";}}s:11:"description";a:1:{i:0;a:5:{s:4:"data";s:408:"WordPress 3.1.3 is available now and is a security update for all previous versions. It contains the following security fixes and enhancements: Various security hardening by Alexander Concha. Taxonomy query hardening by John Lamansky. Prevent sniffing out user names of non-authors by using canonical redirects. Props Verónica Valeros. Media security fixes by Richard Lundeen of Microsoft, Jesse Ou [...]";s:7:"attribs";a:0:{}s:8:"xml_base";s:0:"";s:17:"xml_base_explicit";b:0;s:8:"xml_lang";s:0:"";}}}s:32:"http://purl.org/dc/elements/1.1/";a:1:{s:7:"creator";a:1:{i:0;a:5:{s:4:"data";s:12:"Mark Jaquith";s:7:"attribs";a:0:{}s:8:"xml_base";s:0:"";s:17:"xml_base_explicit";b:0;s:8:"xml_lang";s:0:"";}}}s:40:"http://purl.org/rss/1.0/modules/content/";a:1:{s:7:"encoded";a:1:{i:0;a:5:{s:4:"data";s:3497:"<p><a href="http://wordpress.org/download/">WordPress 3.1.3</a> is available now and is a security update for all previous versions. It contains the following security fixes and enhancements:</p>\n<ul>\n<li>Various security hardening by <a href="http://www.buayacorp.com">Alexander Concha</a>.</li>\n<li>Taxonomy query hardening by <a href="http://johnlamansky.com/wordpress">John Lamansky</a>.</li>\n<li>Prevent sniffing out user names of non-authors by using canonical redirects. Props <a href="http://www.talsoft.com.ar">Verónica Valeros</a>.</li>\n<li>Media security fixes by Richard Lundeen of <a href="http://www.microsoft.com/">Microsoft</a>, Jesse Ou of <a href="http://www.microsoft.com/">Microsoft</a>, and <a href="http://www.microsoft.com/security/msrc/default.aspx">Microsoft Vulnerability Research</a>.</li>\n<li>Improves file upload security on hosts with dangerous security settings.</li>\n<li>Cleans up old WordPress import files if the import does not finish.</li>\n<li>Introduce &#8220;clickjacking&#8221; protection in modern browsers on admin and login pages.</li>\n</ul>\n<p>Consult the <a href="http://core.trac.wordpress.org/log/branches/3.1/?action=stop_on_copy&amp;mode=stop_on_copy&amp;rev=18023&amp;stop_rev=17805&amp;limit=100">change log</a> for more details.</p>\n<p><a href="http://wordpress.org/download/">Download WordPress 3.1.3</a> or update automatically from the Dashboard → Updates menu in your site’s admin area.</p>\n<hr />\n<h3>WordPress 3.2 Beta 2 also available</h3>\n<p>In other news, our development of WordPress 3.2 development continues right on schedule. We released <a href="http://wordpress.org/news/2011/05/wordpress-3-2-beta-1/">Beta 1</a> thirteen days ago, and today we&#8217;re putting out Beta 2 for your testing pleasure.</p>\n<p>This is still beta software, so <strong>we don&#8217;t recommend that you use it on production sites</strong>. But if you&#8217;re a plugin developer, a theme developer, or a site administrator, <strong>you should be running this on your test environments</strong> and <a href="http://codex.wordpress.org/Reporting_Bugs">reporting any bugs</a> you find. If you&#8217;re a WordPress user who wants to open your presents early, take advantage of WordPress&#8217; famous 5-minute install and spin up a secondary test site. Let us know what you think!</p>\n<p>The plan is to start putting out release candidates in early June, and to release WordPress 3.2 by the end of the month. The more you help us iron out issues during the beta period, the more likely we are to hit those dates. To misappropriate and mangle a quote from Mahatma Gandhi: &#8220;Be the punctuality you want to see in the WordPress.&#8221; In other words, test now!</p>\n<p>Here are some of the things that changed since Beta 1:</p>\n<ul>\n<li><a href="http://code.google.com/chrome/chromeframe/">Google Chrome Frame</a> is now supported in the admin, if you have it installed. This is especially useful for IE 6 users (remember, IE 6 is otherwise deprecated for the admin).</li>\n<li>The admin is less ugly in IE 7.</li>\n<li>The blue admin color scheme has caught up to the grey one, and is ready for testing.</li>\n<li>We are now bundling jQuery 1.6.1. You should test any JS that uses jQuery. WordPress JavaScript guru Andrew Ozz has <a href="http://wpdevel.wordpress.com/2011/05/25/jquery-updates-in-wordpress-3-2/">a post with more info</a>.</li>\n</ul>\n<p><a href="http://wordpress.org/wordpress-3.2-beta2.zip">Download WordPress 3.2 Beta 2</a></p>\n";s:7:"attribs";a:0:{}s:8:"xml_base";s:0:"";s:17:"xml_base_explicit";b:0;s:8:"xml_lang";s:0:"";}}}s:36:"http://wellformedweb.org/CommentAPI/";a:1:{s:10:"commentRss";a:1:{i:0;a:5:{s:4:"data";s:55:"http://wordpress.org/news/2011/05/wordpress-3-1-3/feed/";s:7:"attribs";a:0:{}s:8:"xml_base";s:0:"";s:17:"xml_base_explicit";b:0;s:8:"xml_lang";s:0:"";}}}s:38:"http://purl.org/rss/1.0/modules/slash/";a:1:{s:8:"comments";a:1:{i:0;a:5:{s:4:"data";s:1:"0";s:7:"attribs";a:0:{}s:8:"xml_base";s:0:"";s:17:"xml_base_explicit";b:0;s:8:"xml_lang";s:0:"";}}}}}}}s:27:"http://www.w3.org/2005/Atom";a:1:{s:4:"link";a:1:{i:0;a:5:{s:4:"data";s:0:"";s:7:"attribs";a:1:{s:0:"";a:3:{s:4:"href";s:31:"http://wordpress.org/news/feed/";s:3:"rel";s:4:"self";s:4:"type";s:19:"application/rss+xml";}}s:8:"xml_base";s:0:"";s:17:"xml_base_explicit";b:0;s:8:"xml_lang";s:0:"";}}}s:44:"http://purl.org/rss/1.0/modules/syndication/";a:2:{s:12:"updatePeriod";a:1:{i:0;a:5:{s:4:"data";s:6:"hourly";s:7:"attribs";a:0:{}s:8:"xml_base";s:0:"";s:17:"xml_base_explicit";b:0;s:8:"xml_lang";s:0:"";}}s:15:"updateFrequency";a:1:{i:0;a:5:{s:4:"data";s:1:"1";s:7:"attribs";a:0:{}s:8:"xml_base";s:0:"";s:17:"xml_base_explicit";b:0;s:8:"xml_lang";s:0:"";}}}}}}}}}}}}s:4:"type";i:128;s:7:"headers";a:8:{s:6:"server";s:5:"nginx";s:4:"date";s:29:"Wed, 03 Aug 2011 14:03:08 GMT";s:12:"content-type";s:23:"text/xml; charset=UTF-8";s:10:"connection";s:5:"close";s:4:"vary";s:15:"Accept-Encoding";s:10:"x-pingback";s:36:"http://wordpress.org/news/xmlrpc.php";s:13:"last-modified";s:29:"Sat, 16 Jul 2011 21:32:34 GMT";s:4:"x-nc";s:11:"HIT luv 138";}s:5:"build";s:14:"20090627192103";}', 'no');
INSERT INTO `ktoptions` (`option_id`, `blog_id`, `option_name`, `option_value`, `autoload`) VALUES
(345, 0, '_transient_timeout_dash_de3249c4736ad3bd2cd29147c4a0d43e', '1315447376', 'no'),
(346, 0, '_transient_dash_de3249c4736ad3bd2cd29147c4a0d43e', '<h4>Newest Plugins</h4>\n<h5><a href=''http://wordpress.org/extend/plugins/crawlrate-tracker/''>The Crawl Rate Tracker</a></h5>&nbsp;<span>(<a href=''plugin-install.php?tab=plugin-information&amp;plugin=crawlrate-tracker&amp;_wpnonce=0292a14ec9&amp;TB_iframe=true&amp;width=600&amp;height=800'' class=''thickbox'' title=''The Crawl Rate Tracker''>Install</a>)</span>\n<p>The crawlrate tracker gives reporting on how often your site is crawled.</p>\n<h4>Recently Updated</h4>\n<h5><a href=''http://wordpress.org/extend/plugins/mm-unicode-font-tagger/''>Myanmar Unicode Font Tagger</a></h5>&nbsp;<span>(<a href=''plugin-install.php?tab=plugin-information&amp;plugin=mm-unicode-font-tagger&amp;_wpnonce=a7b4d4da35&amp;TB_iframe=true&amp;width=600&amp;height=800'' class=''thickbox'' title=''Myanmar Unicode Font Tagger''>Install</a>)</span>\n<p>This plugin for those who write blog in Myanmar Unicode. This will force to tag CSS Font Family, Myanmar Unicode.</p>\n', 'no'),
(343, 0, '_transient_timeout_plugin_slugs', '1312703544', 'no'),
(344, 0, '_transient_plugin_slugs', 'a:4:{i:0;s:25:"qtranslate/qtranslate.php";i:1;s:43:"related-posts-by-category/related_posts.php";i:2;s:52:"wp-multi-language-changer/wpmultilanguagechanger.php";i:3;s:35:"wp-page-numbers/wp-page-numbers.php";}', 'no'),
(319, 0, '_site_transient_timeout_browser_a55ec2a0667cc15ccbc576b390515afe', '1316008937', 'yes'),
(320, 0, '_site_transient_browser_a55ec2a0667cc15ccbc576b390515afe', 'a:9:{s:8:"platform";s:7:"Windows";s:4:"name";s:7:"Firefox";s:7:"version";s:3:"5.0";s:10:"update_url";s:23:"http://www.firefox.com/";s:7:"img_src";s:50:"http://s.wordpress.org/images/browsers/firefox.png";s:11:"img_src_ssl";s:49:"https://wordpress.org/images/browsers/firefox.png";s:15:"current_version";s:1:"5";s:7:"upgrade";b:0;s:8:"insecure";b:0;}', 'yes'),
(329, 0, '_transient_timeout_feed_mod_ac0b00fe65abe10e0c5b588f3ed8c7ca', '1315447345', 'no'),
(330, 0, '_transient_feed_mod_ac0b00fe65abe10e0c5b588f3ed8c7ca', '1315404145', 'no'),
(331, 0, '_transient_timeout_dash_4077549d03da2e451c8b5f002294ff51', '1315447345', 'no'),
(332, 0, '_transient_dash_4077549d03da2e451c8b5f002294ff51', '<div class="rss-widget"><ul><li><a class=''rsswidget'' href=''http://wordpress.org/news/2011/07/best-wordcamp-speakers/'' title=''As we complete speaker selection for the annual WordPress conference (a.k.a. WordCamp San Francisco), it’s clear that even though there were more than 200 speaker applications, many great WordCamp speakers did not apply. No fear! We will seek them out to make sure that WordCamp SF has a fantastic lineup, including people who didn’t apply [&hellip;]''>Best WordCamp Speakers?</a> <span class="rss-date">July 16, 2011</span><div class=''rssSummary''>As we complete speaker selection for the annual WordPress conference (a.k.a. WordCamp San Francisco), it’s clear that even though there were more than 200 speaker applications, many great WordCamp speakers did not apply. No fear! We will seek them out to make sure that WordCamp SF has a fantastic lineup, including people who didn’t apply [&hellip;]</div></li><li><a class=''rsswidget'' href=''http://wordpress.org/news/2011/07/wordpress-3-2-1/'' title=''After more than a million downloads of WordPress 3.2, we’re now releasing WordPress 3.2.1 into the wild. This maintenance release fixes a server incompatibility related to JSON that’s unfortunately affected some of you, as well as a few other fixes in the new dashboard design and the Twenty Eleven theme. If you’ve already updated to [&hellip;]''>WordPress 3.2.1</a> <span class="rss-date">July 12, 2011</span><div class=''rssSummary''>After more than a million downloads of WordPress 3.2, we’re now releasing WordPress 3.2.1 into the wild. This maintenance release fixes a server incompatibility related to JSON that’s unfortunately affected some of you, as well as a few other fixes in the new dashboard design and the Twenty Eleven theme. If you’ve already updated to [&hellip;]</div></li></ul></div>', 'no'),
(152, 0, 'can_compress_scripts', '1', 'yes'),
(371, 0, '_site_transient_timeout_wporg_theme_feature_list', '1312623416', 'yes'),
(372, 0, '_site_transient_wporg_theme_feature_list', 'a:5:{s:6:"Colors";a:15:{i:0;s:5:"black";i:1;s:4:"blue";i:2;s:5:"brown";i:3;s:4:"gray";i:4;s:5:"green";i:5;s:6:"orange";i:6;s:4:"pink";i:7;s:6:"purple";i:8;s:3:"red";i:9;s:6:"silver";i:10;s:3:"tan";i:11;s:5:"white";i:12;s:6:"yellow";i:13;s:4:"dark";i:14;s:5:"light";}s:7:"Columns";a:6:{i:0;s:10:"one-column";i:1;s:11:"two-columns";i:2;s:13:"three-columns";i:3;s:12:"four-columns";i:4;s:12:"left-sidebar";i:5;s:13:"right-sidebar";}s:5:"Width";a:2:{i:0;s:11:"fixed-width";i:1;s:14:"flexible-width";}s:8:"Features";a:18:{i:0;s:8:"blavatar";i:1;s:10:"buddypress";i:2;s:17:"custom-background";i:3;s:13:"custom-colors";i:4;s:13:"custom-header";i:5;s:11:"custom-menu";i:6;s:12:"editor-style";i:7;s:21:"featured-image-header";i:8;s:15:"featured-images";i:9;s:20:"front-page-post-form";i:10;s:19:"full-width-template";i:11;s:12:"microformats";i:12;s:12:"post-formats";i:13;s:20:"rtl-language-support";i:14;s:11:"sticky-post";i:15;s:13:"theme-options";i:16;s:17:"threaded-comments";i:17;s:17:"translation-ready";}s:7:"Subject";a:3:{i:0;s:7:"holiday";i:1;s:13:"photoblogging";i:2;s:8:"seasonal";}}', 'yes'),
(174, 0, 'theme_mods_A+', 'a:1:{i:0;b:0;}', 'yes'),
(348, 0, 'theme_mods_andyblue', 'a:1:{i:0;b:0;}', 'yes'),
(171, 0, 'theme_mods_twentyeleven', 'a:1:{i:0;b:0;}', 'yes'),
(172, 0, 'widget_widget_twentyeleven_ephemera', 'a:2:{i:2;a:0:{}s:12:"_multiwidget";i:1;}', 'yes'),
(175, 0, 'themes_ads_125', 'http://woothemes.com/ads/125x125a.jpg,http://www.woothemes.com/amember/go.php?r=37667&i=b29\r\n\r\n		http://flexithemes.com/wp-content/partners/fta.gif, http://flexithemes.com/?partner=930\r\n\r\n		http://themeforest.net/new/images/ms_referral_banners/TF_125x125.jpg,http://themeforest.net?ref=kevintruong\r\n\r\n		http://freepremiumwp.com/hostgator.gif,http://secure.hostgator.com/~affiliat/cgi-bin/affiliates/clickthru.cgi?id=kevintruong', 'yes'),
(176, 0, 'themes_cat1', '10', 'yes'),
(177, 0, 'themes_cat2', '18', 'yes'),
(178, 0, 'themes_cat3', '17', 'yes'),
(179, 0, 'themes_cat4', '17', 'yes'),
(180, 0, 'themes_yahoo1', 'jimmynguyen_832003', 'yes'),
(181, 0, 'themes_yahoo2', 'http://feeds.feedburner.com/com/ilub ?', 'yes'),
(182, 0, 'themes_yahoo3', 'hungjx', 'yes'),
(183, 0, 'themes_mobile1', '01697844426', 'yes'),
(184, 0, 'themes_mobile2', '083728272', 'yes'),
(185, 0, 'themes_mobile3', '09878340034', 'yes'),
(186, 0, 'themes_options', 'yes', 'yes'),
(409, 0, 'category_children', 'a:6:{i:3;a:6:{i:0;i:5;i:1;i:6;i:2;i:7;i:3;i:8;i:4;i:9;i:5;i:10;}i:5;a:4:{i:0;i:11;i:1;i:14;i:2;i:15;i:3;i:18;}i:4;a:3:{i:0;i:12;i:1;i:13;i:2;i:19;}i:16;a:2:{i:0;i:20;i:1;i:21;}i:17;a:2:{i:0;i:22;i:1;i:23;}i:23;a:1:{i:0;i:24;}}', 'yes'),
(333, 0, '_transient_timeout_feed_57bc725ad6568758915363af670fd8bc', '1315447364', 'no'),
(334, 0, '_transient_feed_57bc725ad6568758915363af670fd8bc', 'a:4:{s:5:"child";a:1:{s:0:"";a:1:{s:3:"rss";a:1:{i:0;a:6:{s:4:"data";s:3:"\n	\n";s:7:"attribs";a:1:{s:0:"";a:1:{s:7:"version";s:3:"2.0";}}s:8:"xml_base";s:0:"";s:17:"xml_base_explicit";b:0;s:8:"xml_lang";s:0:"";s:5:"child";a:1:{s:0:"";a:1:{s:7:"channel";a:1:{i:0;a:6:{s:4:"data";s:72:"\n		\n		\n		\n		\n		\n		\n				\n\n		\n		\n		\n		\n		\n		\n		\n		\n		\n		\n		\n		\n		\n		\n		\n\n	";s:7:"attribs";a:0:{}s:8:"xml_base";s:0:"";s:17:"xml_base_explicit";b:0;s:8:"xml_lang";s:0:"";s:5:"child";a:2:{s:0:"";a:7:{s:5:"title";a:1:{i:0;a:5:{s:4:"data";s:33:"WordPress Plugins » View: Newest";s:7:"attribs";a:0:{}s:8:"xml_base";s:0:"";s:17:"xml_base_explicit";b:0;s:8:"xml_lang";s:0:"";}}s:4:"link";a:1:{i:0;a:5:{s:4:"data";s:47:"http://wordpress.org/extend/plugins/browse/new/";s:7:"attribs";a:0:{}s:8:"xml_base";s:0:"";s:17:"xml_base_explicit";b:0;s:8:"xml_lang";s:0:"";}}s:11:"description";a:1:{i:0;a:5:{s:4:"data";s:33:"WordPress Plugins » View: Newest";s:7:"attribs";a:0:{}s:8:"xml_base";s:0:"";s:17:"xml_base_explicit";b:0;s:8:"xml_lang";s:0:"";}}s:8:"language";a:1:{i:0;a:5:{s:4:"data";s:5:"en-US";s:7:"attribs";a:0:{}s:8:"xml_base";s:0:"";s:17:"xml_base_explicit";b:0;s:8:"xml_lang";s:0:"";}}s:7:"pubDate";a:1:{i:0;a:5:{s:4:"data";s:31:"Wed, 03 Aug 2011 13:52:53 +0000";s:7:"attribs";a:0:{}s:8:"xml_base";s:0:"";s:17:"xml_base_explicit";b:0;s:8:"xml_lang";s:0:"";}}s:9:"generator";a:1:{i:0;a:5:{s:4:"data";s:36:"http://bbpress.org/?v=1.1-alpha-2855";s:7:"attribs";a:0:{}s:8:"xml_base";s:0:"";s:17:"xml_base_explicit";b:0;s:8:"xml_lang";s:0:"";}}s:4:"item";a:15:{i:0;a:6:{s:4:"data";s:30:"\n			\n			\n			\n			\n			\n			\n					";s:7:"attribs";a:0:{}s:8:"xml_base";s:0:"";s:17:"xml_base_explicit";b:0;s:8:"xml_lang";s:0:"";s:5:"child";a:2:{s:0:"";a:5:{s:5:"title";a:1:{i:0;a:5:{s:4:"data";s:33:"ashopsoftware on "AShop Commerce"";s:7:"attribs";a:0:{}s:8:"xml_base";s:0:"";s:17:"xml_base_explicit";b:0;s:8:"xml_lang";s:0:"";}}s:4:"link";a:1:{i:0;a:5:{s:4:"data";s:62:"http://wordpress.org/extend/plugins/ashop-commerce/#post-28938";s:7:"attribs";a:0:{}s:8:"xml_base";s:0:"";s:17:"xml_base_explicit";b:0;s:8:"xml_lang";s:0:"";}}s:7:"pubDate";a:1:{i:0;a:5:{s:4:"data";s:31:"Tue, 02 Aug 2011 01:57:19 +0000";s:7:"attribs";a:0:{}s:8:"xml_base";s:0:"";s:17:"xml_base_explicit";b:0;s:8:"xml_lang";s:0:"";}}s:4:"guid";a:1:{i:0;a:5:{s:4:"data";s:42:"28938@http://wordpress.org/extend/plugins/";s:7:"attribs";a:1:{s:0:"";a:1:{s:11:"isPermaLink";s:5:"false";}}s:8:"xml_base";s:0:"";s:17:"xml_base_explicit";b:0;s:8:"xml_lang";s:0:"";}}s:11:"description";a:1:{i:0;a:5:{s:4:"data";s:67:"AShop Commerce hooks your WordPress up with an AShop shopping cart.";s:7:"attribs";a:0:{}s:8:"xml_base";s:0:"";s:17:"xml_base_explicit";b:0;s:8:"xml_lang";s:0:"";}}}s:32:"http://purl.org/dc/elements/1.1/";a:1:{s:7:"creator";a:1:{i:0;a:5:{s:4:"data";s:13:"ashopsoftware";s:7:"attribs";a:0:{}s:8:"xml_base";s:0:"";s:17:"xml_base_explicit";b:0;s:8:"xml_lang";s:0:"";}}}}}i:1;a:6:{s:4:"data";s:30:"\n			\n			\n			\n			\n			\n			\n					";s:7:"attribs";a:0:{}s:8:"xml_base";s:0:"";s:17:"xml_base_explicit";b:0;s:8:"xml_lang";s:0:"";s:5:"child";a:2:{s:0:"";a:5:{s:5:"title";a:1:{i:0;a:5:{s:4:"data";s:23:"ccc666 on "HG3-Include"";s:7:"attribs";a:0:{}s:8:"xml_base";s:0:"";s:17:"xml_base_explicit";b:0;s:8:"xml_lang";s:0:"";}}s:4:"link";a:1:{i:0;a:5:{s:4:"data";s:59:"http://wordpress.org/extend/plugins/hg3-include/#post-28959";s:7:"attribs";a:0:{}s:8:"xml_base";s:0:"";s:17:"xml_base_explicit";b:0;s:8:"xml_lang";s:0:"";}}s:7:"pubDate";a:1:{i:0;a:5:{s:4:"data";s:31:"Tue, 02 Aug 2011 19:15:50 +0000";s:7:"attribs";a:0:{}s:8:"xml_base";s:0:"";s:17:"xml_base_explicit";b:0;s:8:"xml_lang";s:0:"";}}s:4:"guid";a:1:{i:0;a:5:{s:4:"data";s:42:"28959@http://wordpress.org/extend/plugins/";s:7:"attribs";a:1:{s:0:"";a:1:{s:11:"isPermaLink";s:5:"false";}}s:8:"xml_base";s:0:"";s:17:"xml_base_explicit";b:0;s:8:"xml_lang";s:0:"";}}s:11:"description";a:1:{i:0;a:5:{s:4:"data";s:90:"Plugin to include any code (html, php, javascript,...) directly into the WordPress editor.";s:7:"attribs";a:0:{}s:8:"xml_base";s:0:"";s:17:"xml_base_explicit";b:0;s:8:"xml_lang";s:0:"";}}}s:32:"http://purl.org/dc/elements/1.1/";a:1:{s:7:"creator";a:1:{i:0;a:5:{s:4:"data";s:6:"ccc666";s:7:"attribs";a:0:{}s:8:"xml_base";s:0:"";s:17:"xml_base_explicit";b:0;s:8:"xml_lang";s:0:"";}}}}}i:2;a:6:{s:4:"data";s:30:"\n			\n			\n			\n			\n			\n			\n					";s:7:"attribs";a:0:{}s:8:"xml_base";s:0:"";s:17:"xml_base_explicit";b:0;s:8:"xml_lang";s:0:"";s:5:"child";a:2:{s:0:"";a:5:{s:5:"title";a:1:{i:0;a:5:{s:4:"data";s:29:"chr45 on "Replace diacritics"";s:7:"attribs";a:0:{}s:8:"xml_base";s:0:"";s:17:"xml_base_explicit";b:0;s:8:"xml_lang";s:0:"";}}s:4:"link";a:1:{i:0;a:5:{s:4:"data";s:66:"http://wordpress.org/extend/plugins/replace-diacritics/#post-28933";s:7:"attribs";a:0:{}s:8:"xml_base";s:0:"";s:17:"xml_base_explicit";b:0;s:8:"xml_lang";s:0:"";}}s:7:"pubDate";a:1:{i:0;a:5:{s:4:"data";s:31:"Mon, 01 Aug 2011 22:28:18 +0000";s:7:"attribs";a:0:{}s:8:"xml_base";s:0:"";s:17:"xml_base_explicit";b:0;s:8:"xml_lang";s:0:"";}}s:4:"guid";a:1:{i:0;a:5:{s:4:"data";s:42:"28933@http://wordpress.org/extend/plugins/";s:7:"attribs";a:1:{s:0:"";a:1:{s:11:"isPermaLink";s:5:"false";}}s:8:"xml_base";s:0:"";s:17:"xml_base_explicit";b:0;s:8:"xml_lang";s:0:"";}}s:11:"description";a:1:{i:0;a:5:{s:4:"data";s:97:"This plugin has two modes of transforming romanian diacritics: in HTML codes or standard letters.";s:7:"attribs";a:0:{}s:8:"xml_base";s:0:"";s:17:"xml_base_explicit";b:0;s:8:"xml_lang";s:0:"";}}}s:32:"http://purl.org/dc/elements/1.1/";a:1:{s:7:"creator";a:1:{i:0;a:5:{s:4:"data";s:5:"chr45";s:7:"attribs";a:0:{}s:8:"xml_base";s:0:"";s:17:"xml_base_explicit";b:0;s:8:"xml_lang";s:0:"";}}}}}i:3;a:6:{s:4:"data";s:30:"\n			\n			\n			\n			\n			\n			\n					";s:7:"attribs";a:0:{}s:8:"xml_base";s:0:"";s:17:"xml_base_explicit";b:0;s:8:"xml_lang";s:0:"";s:5:"child";a:2:{s:0:"";a:5:{s:5:"title";a:1:{i:0;a:5:{s:4:"data";s:22:"TIgor4eg on "WP Typos"";s:7:"attribs";a:0:{}s:8:"xml_base";s:0:"";s:17:"xml_base_explicit";b:0;s:8:"xml_lang";s:0:"";}}s:4:"link";a:1:{i:0;a:5:{s:4:"data";s:56:"http://wordpress.org/extend/plugins/wp-typos/#post-25524";s:7:"attribs";a:0:{}s:8:"xml_base";s:0:"";s:17:"xml_base_explicit";b:0;s:8:"xml_lang";s:0:"";}}s:7:"pubDate";a:1:{i:0;a:5:{s:4:"data";s:31:"Wed, 30 Mar 2011 09:47:13 +0000";s:7:"attribs";a:0:{}s:8:"xml_base";s:0:"";s:17:"xml_base_explicit";b:0;s:8:"xml_lang";s:0:"";}}s:4:"guid";a:1:{i:0;a:5:{s:4:"data";s:42:"25524@http://wordpress.org/extend/plugins/";s:7:"attribs";a:1:{s:0:"";a:1:{s:11:"isPermaLink";s:5:"false";}}s:8:"xml_base";s:0:"";s:17:"xml_base_explicit";b:0;s:8:"xml_lang";s:0:"";}}s:11:"description";a:1:{i:0;a:5:{s:4:"data";s:80:"Plugin adds text with typos in post ending to get more hits from search engines.";s:7:"attribs";a:0:{}s:8:"xml_base";s:0:"";s:17:"xml_base_explicit";b:0;s:8:"xml_lang";s:0:"";}}}s:32:"http://purl.org/dc/elements/1.1/";a:1:{s:7:"creator";a:1:{i:0;a:5:{s:4:"data";s:8:"TIgor4eg";s:7:"attribs";a:0:{}s:8:"xml_base";s:0:"";s:17:"xml_base_explicit";b:0;s:8:"xml_lang";s:0:"";}}}}}i:4;a:6:{s:4:"data";s:30:"\n			\n			\n			\n			\n			\n			\n					";s:7:"attribs";a:0:{}s:8:"xml_base";s:0:"";s:17:"xml_base_explicit";b:0;s:8:"xml_lang";s:0:"";s:5:"child";a:2:{s:0:"";a:5:{s:5:"title";a:1:{i:0;a:5:{s:4:"data";s:36:"branded3 on "The Crawl Rate Tracker"";s:7:"attribs";a:0:{}s:8:"xml_base";s:0:"";s:17:"xml_base_explicit";b:0;s:8:"xml_lang";s:0:"";}}s:4:"link";a:1:{i:0;a:5:{s:4:"data";s:65:"http://wordpress.org/extend/plugins/crawlrate-tracker/#post-28955";s:7:"attribs";a:0:{}s:8:"xml_base";s:0:"";s:17:"xml_base_explicit";b:0;s:8:"xml_lang";s:0:"";}}s:7:"pubDate";a:1:{i:0;a:5:{s:4:"data";s:31:"Tue, 02 Aug 2011 16:00:33 +0000";s:7:"attribs";a:0:{}s:8:"xml_base";s:0:"";s:17:"xml_base_explicit";b:0;s:8:"xml_lang";s:0:"";}}s:4:"guid";a:1:{i:0;a:5:{s:4:"data";s:42:"28955@http://wordpress.org/extend/plugins/";s:7:"attribs";a:1:{s:0:"";a:1:{s:11:"isPermaLink";s:5:"false";}}s:8:"xml_base";s:0:"";s:17:"xml_base_explicit";b:0;s:8:"xml_lang";s:0:"";}}s:11:"description";a:1:{i:0;a:5:{s:4:"data";s:72:"The crawlrate tracker gives reporting on how often your site is crawled.";s:7:"attribs";a:0:{}s:8:"xml_base";s:0:"";s:17:"xml_base_explicit";b:0;s:8:"xml_lang";s:0:"";}}}s:32:"http://purl.org/dc/elements/1.1/";a:1:{s:7:"creator";a:1:{i:0;a:5:{s:4:"data";s:8:"branded3";s:7:"attribs";a:0:{}s:8:"xml_base";s:0:"";s:17:"xml_base_explicit";b:0;s:8:"xml_lang";s:0:"";}}}}}i:5;a:6:{s:4:"data";s:30:"\n			\n			\n			\n			\n			\n			\n					";s:7:"attribs";a:0:{}s:8:"xml_base";s:0:"";s:17:"xml_base_explicit";b:0;s:8:"xml_lang";s:0:"";s:5:"child";a:2:{s:0:"";a:5:{s:5:"title";a:1:{i:0;a:5:{s:4:"data";s:55:"crdigitaldesign on "Mobile PRwire Mobile News Importer"";s:7:"attribs";a:0:{}s:8:"xml_base";s:0:"";s:17:"xml_base_explicit";b:0;s:8:"xml_lang";s:0:"";}}s:4:"link";a:1:{i:0;a:5:{s:4:"data";s:75:"http://wordpress.org/extend/plugins/mobile-prwire-news-importer/#post-28922";s:7:"attribs";a:0:{}s:8:"xml_base";s:0:"";s:17:"xml_base_explicit";b:0;s:8:"xml_lang";s:0:"";}}s:7:"pubDate";a:1:{i:0;a:5:{s:4:"data";s:31:"Mon, 01 Aug 2011 12:55:08 +0000";s:7:"attribs";a:0:{}s:8:"xml_base";s:0:"";s:17:"xml_base_explicit";b:0;s:8:"xml_lang";s:0:"";}}s:4:"guid";a:1:{i:0;a:5:{s:4:"data";s:42:"28922@http://wordpress.org/extend/plugins/";s:7:"attribs";a:1:{s:0:"";a:1:{s:11:"isPermaLink";s:5:"false";}}s:8:"xml_base";s:0:"";s:17:"xml_base_explicit";b:0;s:8:"xml_lang";s:0:"";}}s:11:"description";a:1:{i:0;a:5:{s:4:"data";s:47:"Import posts from an MobilePRwire press release";s:7:"attribs";a:0:{}s:8:"xml_base";s:0:"";s:17:"xml_base_explicit";b:0;s:8:"xml_lang";s:0:"";}}}s:32:"http://purl.org/dc/elements/1.1/";a:1:{s:7:"creator";a:1:{i:0;a:5:{s:4:"data";s:15:"crdigitaldesign";s:7:"attribs";a:0:{}s:8:"xml_base";s:0:"";s:17:"xml_base_explicit";b:0;s:8:"xml_lang";s:0:"";}}}}}i:6;a:6:{s:4:"data";s:30:"\n			\n			\n			\n			\n			\n			\n					";s:7:"attribs";a:0:{}s:8:"xml_base";s:0:"";s:17:"xml_base_explicit";b:0;s:8:"xml_lang";s:0:"";s:5:"child";a:2:{s:0:"";a:5:{s:5:"title";a:1:{i:0;a:5:{s:4:"data";s:37:"Bainternet on "Simple Instant Search"";s:7:"attribs";a:0:{}s:8:"xml_base";s:0:"";s:17:"xml_base_explicit";b:0;s:8:"xml_lang";s:0:"";}}s:4:"link";a:1:{i:0;a:5:{s:4:"data";s:69:"http://wordpress.org/extend/plugins/simple-instant-search/#post-28653";s:7:"attribs";a:0:{}s:8:"xml_base";s:0:"";s:17:"xml_base_explicit";b:0;s:8:"xml_lang";s:0:"";}}s:7:"pubDate";a:1:{i:0;a:5:{s:4:"data";s:31:"Fri, 22 Jul 2011 12:50:44 +0000";s:7:"attribs";a:0:{}s:8:"xml_base";s:0:"";s:17:"xml_base_explicit";b:0;s:8:"xml_lang";s:0:"";}}s:4:"guid";a:1:{i:0;a:5:{s:4:"data";s:42:"28653@http://wordpress.org/extend/plugins/";s:7:"attribs";a:1:{s:0:"";a:1:{s:11:"isPermaLink";s:5:"false";}}s:8:"xml_base";s:0:"";s:17:"xml_base_explicit";b:0;s:8:"xml_lang";s:0:"";}}s:11:"description";a:1:{i:0;a:5:{s:4:"data";s:85:"With This Plugin you can  eaily add instant search functionalty to your site or blog.";s:7:"attribs";a:0:{}s:8:"xml_base";s:0:"";s:17:"xml_base_explicit";b:0;s:8:"xml_lang";s:0:"";}}}s:32:"http://purl.org/dc/elements/1.1/";a:1:{s:7:"creator";a:1:{i:0;a:5:{s:4:"data";s:10:"Bainternet";s:7:"attribs";a:0:{}s:8:"xml_base";s:0:"";s:17:"xml_base_explicit";b:0;s:8:"xml_lang";s:0:"";}}}}}i:7;a:6:{s:4:"data";s:30:"\n			\n			\n			\n			\n			\n			\n					";s:7:"attribs";a:0:{}s:8:"xml_base";s:0:"";s:17:"xml_base_explicit";b:0;s:8:"xml_lang";s:0:"";s:5:"child";a:2:{s:0:"";a:5:{s:5:"title";a:1:{i:0;a:5:{s:4:"data";s:31:"AlexMakesWebsites on "AMW Chat"";s:7:"attribs";a:0:{}s:8:"xml_base";s:0:"";s:17:"xml_base_explicit";b:0;s:8:"xml_lang";s:0:"";}}s:4:"link";a:1:{i:0;a:5:{s:4:"data";s:56:"http://wordpress.org/extend/plugins/amw-chat/#post-28913";s:7:"attribs";a:0:{}s:8:"xml_base";s:0:"";s:17:"xml_base_explicit";b:0;s:8:"xml_lang";s:0:"";}}s:7:"pubDate";a:1:{i:0;a:5:{s:4:"data";s:31:"Mon, 01 Aug 2011 03:37:21 +0000";s:7:"attribs";a:0:{}s:8:"xml_base";s:0:"";s:17:"xml_base_explicit";b:0;s:8:"xml_lang";s:0:"";}}s:4:"guid";a:1:{i:0;a:5:{s:4:"data";s:42:"28913@http://wordpress.org/extend/plugins/";s:7:"attribs";a:1:{s:0:"";a:1:{s:11:"isPermaLink";s:5:"false";}}s:8:"xml_base";s:0:"";s:17:"xml_base_explicit";b:0;s:8:"xml_lang";s:0:"";}}s:11:"description";a:1:{i:0;a:5:{s:4:"data";s:146:"A live chat module that allows members/guests to chat with each other as they browse your site. Includes public chat as well as private messaging.";s:7:"attribs";a:0:{}s:8:"xml_base";s:0:"";s:17:"xml_base_explicit";b:0;s:8:"xml_lang";s:0:"";}}}s:32:"http://purl.org/dc/elements/1.1/";a:1:{s:7:"creator";a:1:{i:0;a:5:{s:4:"data";s:17:"AlexMakesWebsites";s:7:"attribs";a:0:{}s:8:"xml_base";s:0:"";s:17:"xml_base_explicit";b:0;s:8:"xml_lang";s:0:"";}}}}}i:8;a:6:{s:4:"data";s:30:"\n			\n			\n			\n			\n			\n			\n					";s:7:"attribs";a:0:{}s:8:"xml_base";s:0:"";s:17:"xml_base_explicit";b:0;s:8:"xml_lang";s:0:"";s:5:"child";a:2:{s:0:"";a:5:{s:5:"title";a:1:{i:0;a:5:{s:4:"data";s:40:"vogelundstrauss on "NextGEN - Z Cropper"";s:7:"attribs";a:0:{}s:8:"xml_base";s:0:"";s:17:"xml_base_explicit";b:0;s:8:"xml_lang";s:0:"";}}s:4:"link";a:1:{i:0;a:5:{s:4:"data";s:73:"http://wordpress.org/extend/plugins/nextgen-gallery-z-cropper/#post-28925";s:7:"attribs";a:0:{}s:8:"xml_base";s:0:"";s:17:"xml_base_explicit";b:0;s:8:"xml_lang";s:0:"";}}s:7:"pubDate";a:1:{i:0;a:5:{s:4:"data";s:31:"Mon, 01 Aug 2011 15:16:57 +0000";s:7:"attribs";a:0:{}s:8:"xml_base";s:0:"";s:17:"xml_base_explicit";b:0;s:8:"xml_lang";s:0:"";}}s:4:"guid";a:1:{i:0;a:5:{s:4:"data";s:42:"28925@http://wordpress.org/extend/plugins/";s:7:"attribs";a:1:{s:0:"";a:1:{s:11:"isPermaLink";s:5:"false";}}s:8:"xml_base";s:0:"";s:17:"xml_base_explicit";b:0;s:8:"xml_lang";s:0:"";}}s:11:"description";a:1:{i:0;a:5:{s:4:"data";s:149:"NextGEN Z Cropper is a plugin that resizes and crops(!) your pictures while uploading them (not only thumbnails!). If the picture does not match your";s:7:"attribs";a:0:{}s:8:"xml_base";s:0:"";s:17:"xml_base_explicit";b:0;s:8:"xml_lang";s:0:"";}}}s:32:"http://purl.org/dc/elements/1.1/";a:1:{s:7:"creator";a:1:{i:0;a:5:{s:4:"data";s:15:"vogelundstrauss";s:7:"attribs";a:0:{}s:8:"xml_base";s:0:"";s:17:"xml_base_explicit";b:0;s:8:"xml_lang";s:0:"";}}}}}i:9;a:6:{s:4:"data";s:30:"\n			\n			\n			\n			\n			\n			\n					";s:7:"attribs";a:0:{}s:8:"xml_base";s:0:"";s:17:"xml_base_explicit";b:0;s:8:"xml_lang";s:0:"";s:5:"child";a:2:{s:0:"";a:5:{s:5:"title";a:1:{i:0;a:5:{s:4:"data";s:41:"shazdeh on "Menu Item Visibility Control"";s:7:"attribs";a:0:{}s:8:"xml_base";s:0:"";s:17:"xml_base_explicit";b:0;s:8:"xml_lang";s:0:"";}}s:4:"link";a:1:{i:0;a:5:{s:4:"data";s:77:"http://wordpress.org/extend/plugins/menu-items-visibility-control/#post-28833";s:7:"attribs";a:0:{}s:8:"xml_base";s:0:"";s:17:"xml_base_explicit";b:0;s:8:"xml_lang";s:0:"";}}s:7:"pubDate";a:1:{i:0;a:5:{s:4:"data";s:31:"Fri, 29 Jul 2011 02:29:16 +0000";s:7:"attribs";a:0:{}s:8:"xml_base";s:0:"";s:17:"xml_base_explicit";b:0;s:8:"xml_lang";s:0:"";}}s:4:"guid";a:1:{i:0;a:5:{s:4:"data";s:42:"28833@http://wordpress.org/extend/plugins/";s:7:"attribs";a:1:{s:0:"";a:1:{s:11:"isPermaLink";s:5:"false";}}s:8:"xml_base";s:0:"";s:17:"xml_base_explicit";b:0;s:8:"xml_lang";s:0:"";}}s:11:"description";a:1:{i:0;a:5:{s:4:"data";s:79:"Control individual menu items&#039; visibility based on your desired condition.";s:7:"attribs";a:0:{}s:8:"xml_base";s:0:"";s:17:"xml_base_explicit";b:0;s:8:"xml_lang";s:0:"";}}}s:32:"http://purl.org/dc/elements/1.1/";a:1:{s:7:"creator";a:1:{i:0;a:5:{s:4:"data";s:7:"shazdeh";s:7:"attribs";a:0:{}s:8:"xml_base";s:0:"";s:17:"xml_base_explicit";b:0;s:8:"xml_lang";s:0:"";}}}}}i:10;a:6:{s:4:"data";s:30:"\n			\n			\n			\n			\n			\n			\n					";s:7:"attribs";a:0:{}s:8:"xml_base";s:0:"";s:17:"xml_base_explicit";b:0;s:8:"xml_lang";s:0:"";s:5:"child";a:2:{s:0:"";a:5:{s:5:"title";a:1:{i:0;a:5:{s:4:"data";s:30:"TechStudioWP on "Training Tab"";s:7:"attribs";a:0:{}s:8:"xml_base";s:0:"";s:17:"xml_base_explicit";b:0;s:8:"xml_lang";s:0:"";}}s:4:"link";a:1:{i:0;a:5:{s:4:"data";s:60:"http://wordpress.org/extend/plugins/training-tab/#post-28940";s:7:"attribs";a:0:{}s:8:"xml_base";s:0:"";s:17:"xml_base_explicit";b:0;s:8:"xml_lang";s:0:"";}}s:7:"pubDate";a:1:{i:0;a:5:{s:4:"data";s:31:"Tue, 02 Aug 2011 03:43:39 +0000";s:7:"attribs";a:0:{}s:8:"xml_base";s:0:"";s:17:"xml_base_explicit";b:0;s:8:"xml_lang";s:0:"";}}s:4:"guid";a:1:{i:0;a:5:{s:4:"data";s:42:"28940@http://wordpress.org/extend/plugins/";s:7:"attribs";a:1:{s:0:"";a:1:{s:11:"isPermaLink";s:5:"false";}}s:8:"xml_base";s:0:"";s:17:"xml_base_explicit";b:0;s:8:"xml_lang";s:0:"";}}s:11:"description";a:1:{i:0;a:5:{s:4:"data";s:136:"Training Tab is a WordPress plu­gin designed to help users get WordPress training in the form of documentation and instructional video.";s:7:"attribs";a:0:{}s:8:"xml_base";s:0:"";s:17:"xml_base_explicit";b:0;s:8:"xml_lang";s:0:"";}}}s:32:"http://purl.org/dc/elements/1.1/";a:1:{s:7:"creator";a:1:{i:0;a:5:{s:4:"data";s:12:"TechStudioWP";s:7:"attribs";a:0:{}s:8:"xml_base";s:0:"";s:17:"xml_base_explicit";b:0;s:8:"xml_lang";s:0:"";}}}}}i:11;a:6:{s:4:"data";s:30:"\n			\n			\n			\n			\n			\n			\n					";s:7:"attribs";a:0:{}s:8:"xml_base";s:0:"";s:17:"xml_base_explicit";b:0;s:8:"xml_lang";s:0:"";s:5:"child";a:2:{s:0:"";a:5:{s:5:"title";a:1:{i:0;a:5:{s:4:"data";s:25:"vicchi on "WP Biographia"";s:7:"attribs";a:0:{}s:8:"xml_base";s:0:"";s:17:"xml_base_explicit";b:0;s:8:"xml_lang";s:0:"";}}s:4:"link";a:1:{i:0;a:5:{s:4:"data";s:61:"http://wordpress.org/extend/plugins/wp-biographia/#post-28928";s:7:"attribs";a:0:{}s:8:"xml_base";s:0:"";s:17:"xml_base_explicit";b:0;s:8:"xml_lang";s:0:"";}}s:7:"pubDate";a:1:{i:0;a:5:{s:4:"data";s:31:"Mon, 01 Aug 2011 17:52:10 +0000";s:7:"attribs";a:0:{}s:8:"xml_base";s:0:"";s:17:"xml_base_explicit";b:0;s:8:"xml_lang";s:0:"";}}s:4:"guid";a:1:{i:0;a:5:{s:4:"data";s:42:"28928@http://wordpress.org/extend/plugins/";s:7:"attribs";a:1:{s:0:"";a:1:{s:11:"isPermaLink";s:5:"false";}}s:8:"xml_base";s:0:"";s:17:"xml_base_explicit";b:0;s:8:"xml_lang";s:0:"";}}s:11:"description";a:1:{i:0;a:5:{s:4:"data";s:144:"Add and display a customizable author biography for individual posts, in RSS feeds, on pages, in archives and on each entry on the landing page.";s:7:"attribs";a:0:{}s:8:"xml_base";s:0:"";s:17:"xml_base_explicit";b:0;s:8:"xml_lang";s:0:"";}}}s:32:"http://purl.org/dc/elements/1.1/";a:1:{s:7:"creator";a:1:{i:0;a:5:{s:4:"data";s:6:"vicchi";s:7:"attribs";a:0:{}s:8:"xml_base";s:0:"";s:17:"xml_base_explicit";b:0;s:8:"xml_lang";s:0:"";}}}}}i:12;a:6:{s:4:"data";s:30:"\n			\n			\n			\n			\n			\n			\n					";s:7:"attribs";a:0:{}s:8:"xml_base";s:0:"";s:17:"xml_base_explicit";b:0;s:8:"xml_lang";s:0:"";s:5:"child";a:2:{s:0:"";a:5:{s:5:"title";a:1:{i:0;a:5:{s:4:"data";s:27:"TIgor4eg on "Video Onclick"";s:7:"attribs";a:0:{}s:8:"xml_base";s:0:"";s:17:"xml_base_explicit";b:0;s:8:"xml_lang";s:0:"";}}s:4:"link";a:1:{i:0;a:5:{s:4:"data";s:61:"http://wordpress.org/extend/plugins/video-onclick/#post-28921";s:7:"attribs";a:0:{}s:8:"xml_base";s:0:"";s:17:"xml_base_explicit";b:0;s:8:"xml_lang";s:0:"";}}s:7:"pubDate";a:1:{i:0;a:5:{s:4:"data";s:31:"Mon, 01 Aug 2011 12:53:17 +0000";s:7:"attribs";a:0:{}s:8:"xml_base";s:0:"";s:17:"xml_base_explicit";b:0;s:8:"xml_lang";s:0:"";}}s:4:"guid";a:1:{i:0;a:5:{s:4:"data";s:42:"28921@http://wordpress.org/extend/plugins/";s:7:"attribs";a:1:{s:0:"";a:1:{s:11:"isPermaLink";s:5:"false";}}s:8:"xml_base";s:0:"";s:17:"xml_base_explicit";b:0;s:8:"xml_lang";s:0:"";}}s:11:"description";a:1:{i:0;a:5:{s:4:"data";s:117:"This plugin inserts youtube video code when clicked on Play button. This reduces load time on pages with many videos.";s:7:"attribs";a:0:{}s:8:"xml_base";s:0:"";s:17:"xml_base_explicit";b:0;s:8:"xml_lang";s:0:"";}}}s:32:"http://purl.org/dc/elements/1.1/";a:1:{s:7:"creator";a:1:{i:0;a:5:{s:4:"data";s:8:"TIgor4eg";s:7:"attribs";a:0:{}s:8:"xml_base";s:0:"";s:17:"xml_base_explicit";b:0;s:8:"xml_lang";s:0:"";}}}}}i:13;a:6:{s:4:"data";s:30:"\n			\n			\n			\n			\n			\n			\n					";s:7:"attribs";a:0:{}s:8:"xml_base";s:0:"";s:17:"xml_base_explicit";b:0;s:8:"xml_lang";s:0:"";s:5:"child";a:2:{s:0:"";a:5:{s:5:"title";a:1:{i:0;a:5:{s:4:"data";s:24:"gpenverne on "AutoJblog"";s:7:"attribs";a:0:{}s:8:"xml_base";s:0:"";s:17:"xml_base_explicit";b:0;s:8:"xml_lang";s:0:"";}}s:4:"link";a:1:{i:0;a:5:{s:4:"data";s:57:"http://wordpress.org/extend/plugins/autojblog/#post-28950";s:7:"attribs";a:0:{}s:8:"xml_base";s:0:"";s:17:"xml_base_explicit";b:0;s:8:"xml_lang";s:0:"";}}s:7:"pubDate";a:1:{i:0;a:5:{s:4:"data";s:31:"Tue, 02 Aug 2011 12:54:32 +0000";s:7:"attribs";a:0:{}s:8:"xml_base";s:0:"";s:17:"xml_base_explicit";b:0;s:8:"xml_lang";s:0:"";}}s:4:"guid";a:1:{i:0;a:5:{s:4:"data";s:42:"28950@http://wordpress.org/extend/plugins/";s:7:"attribs";a:1:{s:0:"";a:1:{s:11:"isPermaLink";s:5:"false";}}s:8:"xml_base";s:0:"";s:17:"xml_base_explicit";b:0;s:8:"xml_lang";s:0:"";}}s:11:"description";a:1:{i:0;a:5:{s:4:"data";s:69:"Permet de publier automatiquement vos articles sur votre jblog Jcray.";s:7:"attribs";a:0:{}s:8:"xml_base";s:0:"";s:17:"xml_base_explicit";b:0;s:8:"xml_lang";s:0:"";}}}s:32:"http://purl.org/dc/elements/1.1/";a:1:{s:7:"creator";a:1:{i:0;a:5:{s:4:"data";s:9:"gpenverne";s:7:"attribs";a:0:{}s:8:"xml_base";s:0:"";s:17:"xml_base_explicit";b:0;s:8:"xml_lang";s:0:"";}}}}}i:14;a:6:{s:4:"data";s:30:"\n			\n			\n			\n			\n			\n			\n					";s:7:"attribs";a:0:{}s:8:"xml_base";s:0:"";s:17:"xml_base_explicit";b:0;s:8:"xml_lang";s:0:"";s:5:"child";a:2:{s:0:"";a:5:{s:5:"title";a:1:{i:0;a:5:{s:4:"data";s:40:"zare366 on "Share Google +1,Google buzz"";s:7:"attribs";a:0:{}s:8:"xml_base";s:0:"";s:17:"xml_base_explicit";b:0;s:8:"xml_lang";s:0:"";}}s:4:"link";a:1:{i:0;a:5:{s:4:"data";s:75:"http://wordpress.org/extend/plugins/google-1google-buzz-buttons/#post-28968";s:7:"attribs";a:0:{}s:8:"xml_base";s:0:"";s:17:"xml_base_explicit";b:0;s:8:"xml_lang";s:0:"";}}s:7:"pubDate";a:1:{i:0;a:5:{s:4:"data";s:31:"Tue, 02 Aug 2011 21:32:55 +0000";s:7:"attribs";a:0:{}s:8:"xml_base";s:0:"";s:17:"xml_base_explicit";b:0;s:8:"xml_lang";s:0:"";}}s:4:"guid";a:1:{i:0;a:5:{s:4:"data";s:42:"28968@http://wordpress.org/extend/plugins/";s:7:"attribs";a:1:{s:0:"";a:1:{s:11:"isPermaLink";s:5:"false";}}s:8:"xml_base";s:0:"";s:17:"xml_base_explicit";b:0;s:8:"xml_lang";s:0:"";}}s:11:"description";a:1:{i:0;a:5:{s:4:"data";s:76:"Puts Google +1,Google buzz buttons of your choice above or below your posts.";s:7:"attribs";a:0:{}s:8:"xml_base";s:0:"";s:17:"xml_base_explicit";b:0;s:8:"xml_lang";s:0:"";}}}s:32:"http://purl.org/dc/elements/1.1/";a:1:{s:7:"creator";a:1:{i:0;a:5:{s:4:"data";s:7:"zare366";s:7:"attribs";a:0:{}s:8:"xml_base";s:0:"";s:17:"xml_base_explicit";b:0;s:8:"xml_lang";s:0:"";}}}}}}}s:27:"http://www.w3.org/2005/Atom";a:1:{s:4:"link";a:1:{i:0;a:5:{s:4:"data";s:0:"";s:7:"attribs";a:1:{s:0:"";a:3:{s:4:"href";s:48:"http://wordpress.org/extend/plugins/rss/view/new";s:3:"rel";s:4:"self";s:4:"type";s:19:"application/rss+xml";}}s:8:"xml_base";s:0:"";s:17:"xml_base_explicit";b:0;s:8:"xml_lang";s:0:"";}}}}}}}}}}}}s:4:"type";i:128;s:7:"headers";a:8:{s:6:"server";s:5:"nginx";s:4:"date";s:29:"Wed, 03 Aug 2011 14:03:28 GMT";s:12:"content-type";s:23:"text/xml; charset=UTF-8";s:10:"connection";s:5:"close";s:4:"vary";s:15:"Accept-Encoding";s:13:"last-modified";s:19:"2011-08-02 01:57:19";s:14:"content-length";s:4:"7734";s:4:"x-nc";s:11:"HIT luv 139";}s:5:"build";s:14:"20090627192103";}', 'no'),
(335, 0, '_transient_timeout_feed_mod_57bc725ad6568758915363af670fd8bc', '1315447364', 'no'),
(336, 0, '_transient_feed_mod_57bc725ad6568758915363af670fd8bc', '1315404164', 'no'),
(337, 0, '_transient_timeout_dash_aa95765b5cc111c56d5993d476b1c2f0', '1315447370', 'no'),
(338, 0, '_transient_dash_aa95765b5cc111c56d5993d476b1c2f0', '<div class="rss-widget"><p><strong>RSS Error</strong>: XML error: EntityRef: expecting '';'' at line 227, column 297</p></div>', 'no'),
(339, 0, '_transient_timeout_feed_1a5f760f2e2b48827d4974a60857e7c2', '1315447376', 'no');
INSERT INTO `ktoptions` (`option_id`, `blog_id`, `option_name`, `option_value`, `autoload`) VALUES
(340, 0, '_transient_feed_1a5f760f2e2b48827d4974a60857e7c2', 'a:4:{s:5:"child";a:1:{s:0:"";a:1:{s:3:"rss";a:1:{i:0;a:6:{s:4:"data";s:3:"\n	\n";s:7:"attribs";a:1:{s:0:"";a:1:{s:7:"version";s:3:"2.0";}}s:8:"xml_base";s:0:"";s:17:"xml_base_explicit";b:0;s:8:"xml_lang";s:0:"";s:5:"child";a:1:{s:0:"";a:1:{s:7:"channel";a:1:{i:0;a:6:{s:4:"data";s:72:"\n		\n		\n		\n		\n		\n		\n				\n\n		\n		\n		\n		\n		\n		\n		\n		\n		\n		\n		\n		\n		\n		\n		\n\n	";s:7:"attribs";a:0:{}s:8:"xml_base";s:0:"";s:17:"xml_base_explicit";b:0;s:8:"xml_lang";s:0:"";s:5:"child";a:2:{s:0:"";a:7:{s:5:"title";a:1:{i:0;a:5:{s:4:"data";s:43:"WordPress Plugins » View: Recently Updated";s:7:"attribs";a:0:{}s:8:"xml_base";s:0:"";s:17:"xml_base_explicit";b:0;s:8:"xml_lang";s:0:"";}}s:4:"link";a:1:{i:0;a:5:{s:4:"data";s:51:"http://wordpress.org/extend/plugins/browse/updated/";s:7:"attribs";a:0:{}s:8:"xml_base";s:0:"";s:17:"xml_base_explicit";b:0;s:8:"xml_lang";s:0:"";}}s:11:"description";a:1:{i:0;a:5:{s:4:"data";s:43:"WordPress Plugins » View: Recently Updated";s:7:"attribs";a:0:{}s:8:"xml_base";s:0:"";s:17:"xml_base_explicit";b:0;s:8:"xml_lang";s:0:"";}}s:8:"language";a:1:{i:0;a:5:{s:4:"data";s:5:"en-US";s:7:"attribs";a:0:{}s:8:"xml_base";s:0:"";s:17:"xml_base_explicit";b:0;s:8:"xml_lang";s:0:"";}}s:7:"pubDate";a:1:{i:0;a:5:{s:4:"data";s:31:"Wed, 03 Aug 2011 13:59:11 +0000";s:7:"attribs";a:0:{}s:8:"xml_base";s:0:"";s:17:"xml_base_explicit";b:0;s:8:"xml_lang";s:0:"";}}s:9:"generator";a:1:{i:0;a:5:{s:4:"data";s:36:"http://bbpress.org/?v=1.1-alpha-2855";s:7:"attribs";a:0:{}s:8:"xml_base";s:0:"";s:17:"xml_base_explicit";b:0;s:8:"xml_lang";s:0:"";}}s:4:"item";a:15:{i:0;a:6:{s:4:"data";s:30:"\n			\n			\n			\n			\n			\n			\n					";s:7:"attribs";a:0:{}s:8:"xml_base";s:0:"";s:17:"xml_base_explicit";b:0;s:8:"xml_lang";s:0:"";s:5:"child";a:2:{s:0:"";a:5:{s:5:"title";a:1:{i:0;a:5:{s:4:"data";s:47:"koichiyaima on "Google Analytics Popular Posts"";s:7:"attribs";a:0:{}s:8:"xml_base";s:0:"";s:17:"xml_base_explicit";b:0;s:8:"xml_lang";s:0:"";}}s:4:"link";a:1:{i:0;a:5:{s:4:"data";s:78:"http://wordpress.org/extend/plugins/google-analytics-popular-posts/#post-27167";s:7:"attribs";a:0:{}s:8:"xml_base";s:0:"";s:17:"xml_base_explicit";b:0;s:8:"xml_lang";s:0:"";}}s:7:"pubDate";a:1:{i:0;a:5:{s:4:"data";s:31:"Sat, 04 Jun 2011 11:25:38 +0000";s:7:"attribs";a:0:{}s:8:"xml_base";s:0:"";s:17:"xml_base_explicit";b:0;s:8:"xml_lang";s:0:"";}}s:4:"guid";a:1:{i:0;a:5:{s:4:"data";s:42:"27167@http://wordpress.org/extend/plugins/";s:7:"attribs";a:1:{s:0:"";a:1:{s:11:"isPermaLink";s:5:"false";}}s:8:"xml_base";s:0:"";s:17:"xml_base_explicit";b:0;s:8:"xml_lang";s:0:"";}}s:11:"description";a:1:{i:0;a:5:{s:4:"data";s:104:"This is a WordPress plugin to list the most popular posts on the blog using Google Analytics statistics.";s:7:"attribs";a:0:{}s:8:"xml_base";s:0:"";s:17:"xml_base_explicit";b:0;s:8:"xml_lang";s:0:"";}}}s:32:"http://purl.org/dc/elements/1.1/";a:1:{s:7:"creator";a:1:{i:0;a:5:{s:4:"data";s:11:"koichiyaima";s:7:"attribs";a:0:{}s:8:"xml_base";s:0:"";s:17:"xml_base_explicit";b:0;s:8:"xml_lang";s:0:"";}}}}}i:1;a:6:{s:4:"data";s:30:"\n			\n			\n			\n			\n			\n			\n					";s:7:"attribs";a:0:{}s:8:"xml_base";s:0:"";s:17:"xml_base_explicit";b:0;s:8:"xml_lang";s:0:"";s:5:"child";a:2:{s:0:"";a:5:{s:5:"title";a:1:{i:0;a:5:{s:4:"data";s:53:"watchmouse on "WatchMouse Public Status Pages Widget"";s:7:"attribs";a:0:{}s:8:"xml_base";s:0:"";s:17:"xml_base_explicit";b:0;s:8:"xml_lang";s:0:"";}}s:4:"link";a:1:{i:0;a:5:{s:4:"data";s:85:"http://wordpress.org/extend/plugins/watchmouse-public-status-pages-widget/#post-28732";s:7:"attribs";a:0:{}s:8:"xml_base";s:0:"";s:17:"xml_base_explicit";b:0;s:8:"xml_lang";s:0:"";}}s:7:"pubDate";a:1:{i:0;a:5:{s:4:"data";s:31:"Mon, 25 Jul 2011 17:33:46 +0000";s:7:"attribs";a:0:{}s:8:"xml_base";s:0:"";s:17:"xml_base_explicit";b:0;s:8:"xml_lang";s:0:"";}}s:4:"guid";a:1:{i:0;a:5:{s:4:"data";s:42:"28732@http://wordpress.org/extend/plugins/";s:7:"attribs";a:1:{s:0:"";a:1:{s:11:"isPermaLink";s:5:"false";}}s:8:"xml_base";s:0:"";s:17:"xml_base_explicit";b:0;s:8:"xml_lang";s:0:"";}}s:11:"description";a:1:{i:0;a:5:{s:4:"data";s:42:"Public Status Page to a WatchMouse Account";s:7:"attribs";a:0:{}s:8:"xml_base";s:0:"";s:17:"xml_base_explicit";b:0;s:8:"xml_lang";s:0:"";}}}s:32:"http://purl.org/dc/elements/1.1/";a:1:{s:7:"creator";a:1:{i:0;a:5:{s:4:"data";s:10:"watchmouse";s:7:"attribs";a:0:{}s:8:"xml_base";s:0:"";s:17:"xml_base_explicit";b:0;s:8:"xml_lang";s:0:"";}}}}}i:2;a:6:{s:4:"data";s:30:"\n			\n			\n			\n			\n			\n			\n					";s:7:"attribs";a:0:{}s:8:"xml_base";s:0:"";s:17:"xml_base_explicit";b:0;s:8:"xml_lang";s:0:"";s:5:"child";a:2:{s:0:"";a:5:{s:5:"title";a:1:{i:0;a:5:{s:4:"data";s:42:"Patrick on "Google+ Plus Wordpress Widget"";s:7:"attribs";a:0:{}s:8:"xml_base";s:0:"";s:17:"xml_base_explicit";b:0;s:8:"xml_lang";s:0:"";}}s:4:"link";a:1:{i:0;a:5:{s:4:"data";s:72:"http://wordpress.org/extend/plugins/google-wordpress-widgets/#post-28902";s:7:"attribs";a:0:{}s:8:"xml_base";s:0:"";s:17:"xml_base_explicit";b:0;s:8:"xml_lang";s:0:"";}}s:7:"pubDate";a:1:{i:0;a:5:{s:4:"data";s:31:"Sun, 31 Jul 2011 17:14:48 +0000";s:7:"attribs";a:0:{}s:8:"xml_base";s:0:"";s:17:"xml_base_explicit";b:0;s:8:"xml_lang";s:0:"";}}s:4:"guid";a:1:{i:0;a:5:{s:4:"data";s:42:"28902@http://wordpress.org/extend/plugins/";s:7:"attribs";a:1:{s:0:"";a:1:{s:11:"isPermaLink";s:5:"false";}}s:8:"xml_base";s:0:"";s:17:"xml_base_explicit";b:0;s:8:"xml_lang";s:0:"";}}s:11:"description";a:1:{i:0;a:5:{s:4:"data";s:79:"Display updates/post from one or more Google+ Plus accounts a WordPress widget.";s:7:"attribs";a:0:{}s:8:"xml_base";s:0:"";s:17:"xml_base_explicit";b:0;s:8:"xml_lang";s:0:"";}}}s:32:"http://purl.org/dc/elements/1.1/";a:1:{s:7:"creator";a:1:{i:0;a:5:{s:4:"data";s:7:"Patrick";s:7:"attribs";a:0:{}s:8:"xml_base";s:0:"";s:17:"xml_base_explicit";b:0;s:8:"xml_lang";s:0:"";}}}}}i:3;a:6:{s:4:"data";s:30:"\n			\n			\n			\n			\n			\n			\n					";s:7:"attribs";a:0:{}s:8:"xml_base";s:0:"";s:17:"xml_base_explicit";b:0;s:8:"xml_lang";s:0:"";s:5:"child";a:2:{s:0:"";a:5:{s:5:"title";a:1:{i:0;a:5:{s:4:"data";s:34:"InertiaInMotion on "WP jQuery CDN"";s:7:"attribs";a:0:{}s:8:"xml_base";s:0:"";s:17:"xml_base_explicit";b:0;s:8:"xml_lang";s:0:"";}}s:4:"link";a:1:{i:0;a:5:{s:4:"data";s:61:"http://wordpress.org/extend/plugins/wp-jquery-cdn/#post-28870";s:7:"attribs";a:0:{}s:8:"xml_base";s:0:"";s:17:"xml_base_explicit";b:0;s:8:"xml_lang";s:0:"";}}s:7:"pubDate";a:1:{i:0;a:5:{s:4:"data";s:31:"Sat, 30 Jul 2011 01:17:39 +0000";s:7:"attribs";a:0:{}s:8:"xml_base";s:0:"";s:17:"xml_base_explicit";b:0;s:8:"xml_lang";s:0:"";}}s:4:"guid";a:1:{i:0;a:5:{s:4:"data";s:42:"28870@http://wordpress.org/extend/plugins/";s:7:"attribs";a:1:{s:0:"";a:1:{s:11:"isPermaLink";s:5:"false";}}s:8:"xml_base";s:0:"";s:17:"xml_base_explicit";b:0;s:8:"xml_lang";s:0:"";}}s:11:"description";a:1:{i:0;a:5:{s:4:"data";s:74:"Activate Plugin and Select a jQuery CDN via the WP jQuery CDN options area";s:7:"attribs";a:0:{}s:8:"xml_base";s:0:"";s:17:"xml_base_explicit";b:0;s:8:"xml_lang";s:0:"";}}}s:32:"http://purl.org/dc/elements/1.1/";a:1:{s:7:"creator";a:1:{i:0;a:5:{s:4:"data";s:15:"InertiaInMotion";s:7:"attribs";a:0:{}s:8:"xml_base";s:0:"";s:17:"xml_base_explicit";b:0;s:8:"xml_lang";s:0:"";}}}}}i:4;a:6:{s:4:"data";s:30:"\n			\n			\n			\n			\n			\n			\n					";s:7:"attribs";a:0:{}s:8:"xml_base";s:0:"";s:17:"xml_base_explicit";b:0;s:8:"xml_lang";s:0:"";s:5:"child";a:2:{s:0:"";a:5:{s:5:"title";a:1:{i:0;a:5:{s:4:"data";s:23:"riyaznet on "GetSocial"";s:7:"attribs";a:0:{}s:8:"xml_base";s:0:"";s:17:"xml_base_explicit";b:0;s:8:"xml_lang";s:0:"";}}s:4:"link";a:1:{i:0;a:5:{s:4:"data";s:57:"http://wordpress.org/extend/plugins/getsocial/#post-18756";s:7:"attribs";a:0:{}s:8:"xml_base";s:0:"";s:17:"xml_base_explicit";b:0;s:8:"xml_lang";s:0:"";}}s:7:"pubDate";a:1:{i:0;a:5:{s:4:"data";s:31:"Tue, 22 Jun 2010 20:54:01 +0000";s:7:"attribs";a:0:{}s:8:"xml_base";s:0:"";s:17:"xml_base_explicit";b:0;s:8:"xml_lang";s:0:"";}}s:4:"guid";a:1:{i:0;a:5:{s:4:"data";s:42:"18756@http://wordpress.org/extend/plugins/";s:7:"attribs";a:1:{s:0:"";a:1:{s:11:"isPermaLink";s:5:"false";}}s:8:"xml_base";s:0:"";s:17:"xml_base_explicit";b:0;s:8:"xml_lang";s:0:"";}}s:11:"description";a:1:{i:0;a:5:{s:4:"data";s:112:"GetSocial adds an intelligent, lightweight, quick to setup floating social media sharing box on your blog posts.";s:7:"attribs";a:0:{}s:8:"xml_base";s:0:"";s:17:"xml_base_explicit";b:0;s:8:"xml_lang";s:0:"";}}}s:32:"http://purl.org/dc/elements/1.1/";a:1:{s:7:"creator";a:1:{i:0;a:5:{s:4:"data";s:8:"riyaznet";s:7:"attribs";a:0:{}s:8:"xml_base";s:0:"";s:17:"xml_base_explicit";b:0;s:8:"xml_lang";s:0:"";}}}}}i:5;a:6:{s:4:"data";s:30:"\n			\n			\n			\n			\n			\n			\n					";s:7:"attribs";a:0:{}s:8:"xml_base";s:0:"";s:17:"xml_base_explicit";b:0;s:8:"xml_lang";s:0:"";s:5:"child";a:2:{s:0:"";a:5:{s:5:"title";a:1:{i:0;a:5:{s:4:"data";s:47:"rukmaniarts on "Generate Quiz Using Short code"";s:7:"attribs";a:0:{}s:8:"xml_base";s:0:"";s:17:"xml_base_explicit";b:0;s:8:"xml_lang";s:0:"";}}s:4:"link";a:1:{i:0;a:5:{s:4:"data";s:82:"http://wordpress.org/extend/plugins/multiple-choice-question-converter/#post-28805";s:7:"attribs";a:0:{}s:8:"xml_base";s:0:"";s:17:"xml_base_explicit";b:0;s:8:"xml_lang";s:0:"";}}s:7:"pubDate";a:1:{i:0;a:5:{s:4:"data";s:31:"Thu, 28 Jul 2011 08:20:23 +0000";s:7:"attribs";a:0:{}s:8:"xml_base";s:0:"";s:17:"xml_base_explicit";b:0;s:8:"xml_lang";s:0:"";}}s:4:"guid";a:1:{i:0;a:5:{s:4:"data";s:42:"28805@http://wordpress.org/extend/plugins/";s:7:"attribs";a:1:{s:0:"";a:1:{s:11:"isPermaLink";s:5:"false";}}s:8:"xml_base";s:0:"";s:17:"xml_base_explicit";b:0;s:8:"xml_lang";s:0:"";}}s:11:"description";a:1:{i:0;a:5:{s:4:"data";s:121:"With this plugin you can create stylized quiz / multiple choice question in your post using easy to remember short codes.";s:7:"attribs";a:0:{}s:8:"xml_base";s:0:"";s:17:"xml_base_explicit";b:0;s:8:"xml_lang";s:0:"";}}}s:32:"http://purl.org/dc/elements/1.1/";a:1:{s:7:"creator";a:1:{i:0;a:5:{s:4:"data";s:11:"rukmaniarts";s:7:"attribs";a:0:{}s:8:"xml_base";s:0:"";s:17:"xml_base_explicit";b:0;s:8:"xml_lang";s:0:"";}}}}}i:6;a:6:{s:4:"data";s:30:"\n			\n			\n			\n			\n			\n			\n					";s:7:"attribs";a:0:{}s:8:"xml_base";s:0:"";s:17:"xml_base_explicit";b:0;s:8:"xml_lang";s:0:"";s:5:"child";a:2:{s:0:"";a:5:{s:5:"title";a:1:{i:0;a:5:{s:4:"data";s:32:"opajaap on "WP Photo Album Plus"";s:7:"attribs";a:0:{}s:8:"xml_base";s:0:"";s:17:"xml_base_explicit";b:0;s:8:"xml_lang";s:0:"";}}s:4:"link";a:1:{i:0;a:5:{s:4:"data";s:67:"http://wordpress.org/extend/plugins/wp-photo-album-plus/#post-15725";s:7:"attribs";a:0:{}s:8:"xml_base";s:0:"";s:17:"xml_base_explicit";b:0;s:8:"xml_lang";s:0:"";}}s:7:"pubDate";a:1:{i:0;a:5:{s:4:"data";s:31:"Wed, 03 Feb 2010 08:42:06 +0000";s:7:"attribs";a:0:{}s:8:"xml_base";s:0:"";s:17:"xml_base_explicit";b:0;s:8:"xml_lang";s:0:"";}}s:4:"guid";a:1:{i:0;a:5:{s:4:"data";s:42:"15725@http://wordpress.org/extend/plugins/";s:7:"attribs";a:1:{s:0:"";a:1:{s:11:"isPermaLink";s:5:"false";}}s:8:"xml_base";s:0:"";s:17:"xml_base_explicit";b:0;s:8:"xml_lang";s:0:"";}}s:11:"description";a:1:{i:0;a:5:{s:4:"data";s:150:"This plugin is designed to easily manage and display your photo albums and slideshows in a single as well as in a network WordPress site. \nAdditionall";s:7:"attribs";a:0:{}s:8:"xml_base";s:0:"";s:17:"xml_base_explicit";b:0;s:8:"xml_lang";s:0:"";}}}s:32:"http://purl.org/dc/elements/1.1/";a:1:{s:7:"creator";a:1:{i:0;a:5:{s:4:"data";s:7:"opajaap";s:7:"attribs";a:0:{}s:8:"xml_base";s:0:"";s:17:"xml_base_explicit";b:0;s:8:"xml_lang";s:0:"";}}}}}i:7;a:6:{s:4:"data";s:30:"\n			\n			\n			\n			\n			\n			\n					";s:7:"attribs";a:0:{}s:8:"xml_base";s:0:"";s:17:"xml_base_explicit";b:0;s:8:"xml_lang";s:0:"";s:5:"child";a:2:{s:0:"";a:5:{s:5:"title";a:1:{i:0;a:5:{s:4:"data";s:43:"Donald Res on "Cleeng Content Monetization"";s:7:"attribs";a:0:{}s:8:"xml_base";s:0:"";s:17:"xml_base_explicit";b:0;s:8:"xml_lang";s:0:"";}}s:4:"link";a:1:{i:0;a:5:{s:4:"data";s:54:"http://wordpress.org/extend/plugins/cleeng/#post-22863";s:7:"attribs";a:0:{}s:8:"xml_base";s:0:"";s:17:"xml_base_explicit";b:0;s:8:"xml_lang";s:0:"";}}s:7:"pubDate";a:1:{i:0;a:5:{s:4:"data";s:31:"Mon, 13 Dec 2010 15:36:38 +0000";s:7:"attribs";a:0:{}s:8:"xml_base";s:0:"";s:17:"xml_base_explicit";b:0;s:8:"xml_lang";s:0:"";}}s:4:"guid";a:1:{i:0;a:5:{s:4:"data";s:42:"22863@http://wordpress.org/extend/plugins/";s:7:"attribs";a:1:{s:0:"";a:1:{s:11:"isPermaLink";s:5:"false";}}s:8:"xml_base";s:0:"";s:17:"xml_base_explicit";b:0;s:8:"xml_lang";s:0:"";}}s:11:"description";a:1:{i:0;a:5:{s:4:"data";s:137:"Cleeng for WordPress helps you to make money with your digital content. It allows you to easily \ncharge for your text, images and videos.";s:7:"attribs";a:0:{}s:8:"xml_base";s:0:"";s:17:"xml_base_explicit";b:0;s:8:"xml_lang";s:0:"";}}}s:32:"http://purl.org/dc/elements/1.1/";a:1:{s:7:"creator";a:1:{i:0;a:5:{s:4:"data";s:10:"Donald Res";s:7:"attribs";a:0:{}s:8:"xml_base";s:0:"";s:17:"xml_base_explicit";b:0;s:8:"xml_lang";s:0:"";}}}}}i:8;a:6:{s:4:"data";s:30:"\n			\n			\n			\n			\n			\n			\n					";s:7:"attribs";a:0:{}s:8:"xml_base";s:0:"";s:17:"xml_base_explicit";b:0;s:8:"xml_lang";s:0:"";s:5:"child";a:2:{s:0:"";a:5:{s:5:"title";a:1:{i:0;a:5:{s:4:"data";s:32:"paulpela on "Helion Widgets Pro"";s:7:"attribs";a:0:{}s:8:"xml_base";s:0:"";s:17:"xml_base_explicit";b:0;s:8:"xml_lang";s:0:"";}}s:4:"link";a:1:{i:0;a:5:{s:4:"data";s:66:"http://wordpress.org/extend/plugins/helion-widgets-pro/#post-28239";s:7:"attribs";a:0:{}s:8:"xml_base";s:0:"";s:17:"xml_base_explicit";b:0;s:8:"xml_lang";s:0:"";}}s:7:"pubDate";a:1:{i:0;a:5:{s:4:"data";s:31:"Sat, 09 Jul 2011 13:10:07 +0000";s:7:"attribs";a:0:{}s:8:"xml_base";s:0:"";s:17:"xml_base_explicit";b:0;s:8:"xml_lang";s:0:"";}}s:4:"guid";a:1:{i:0;a:5:{s:4:"data";s:42:"28239@http://wordpress.org/extend/plugins/";s:7:"attribs";a:1:{s:0:"";a:1:{s:11:"isPermaLink";s:5:"false";}}s:8:"xml_base";s:0:"";s:17:"xml_base_explicit";b:0;s:8:"xml_lang";s:0:"";}}s:11:"description";a:1:{i:0;a:5:{s:4:"data";s:150:"Zainstaluj na swoim blogu widgety z książkami, umieszczaj informacje o książkach we wpisach, otwórz własną księgarnię i zarabiaj z GW Helion!";s:7:"attribs";a:0:{}s:8:"xml_base";s:0:"";s:17:"xml_base_explicit";b:0;s:8:"xml_lang";s:0:"";}}}s:32:"http://purl.org/dc/elements/1.1/";a:1:{s:7:"creator";a:1:{i:0;a:5:{s:4:"data";s:8:"paulpela";s:7:"attribs";a:0:{}s:8:"xml_base";s:0:"";s:17:"xml_base_explicit";b:0;s:8:"xml_lang";s:0:"";}}}}}i:9;a:6:{s:4:"data";s:30:"\n			\n			\n			\n			\n			\n			\n					";s:7:"attribs";a:0:{}s:8:"xml_base";s:0:"";s:17:"xml_base_explicit";b:0;s:8:"xml_lang";s:0:"";s:5:"child";a:2:{s:0:"";a:5:{s:5:"title";a:1:{i:0;a:5:{s:4:"data";s:66:"giObanii on "My Videotag (Youtube, Googlevideo, DailyMotion, etc)"";s:7:"attribs";a:0:{}s:8:"xml_base";s:0:"";s:17:"xml_base_explicit";b:0;s:8:"xml_lang";s:0:"";}}s:4:"link";a:1:{i:0;a:5:{s:4:"data";s:59:"http://wordpress.org/extend/plugins/my-videotag/#post-21728";s:7:"attribs";a:0:{}s:8:"xml_base";s:0:"";s:17:"xml_base_explicit";b:0;s:8:"xml_lang";s:0:"";}}s:7:"pubDate";a:1:{i:0;a:5:{s:4:"data";s:31:"Fri, 22 Oct 2010 13:51:51 +0000";s:7:"attribs";a:0:{}s:8:"xml_base";s:0:"";s:17:"xml_base_explicit";b:0;s:8:"xml_lang";s:0:"";}}s:4:"guid";a:1:{i:0;a:5:{s:4:"data";s:42:"21728@http://wordpress.org/extend/plugins/";s:7:"attribs";a:1:{s:0:"";a:1:{s:11:"isPermaLink";s:5:"false";}}s:8:"xml_base";s:0:"";s:17:"xml_base_explicit";b:0;s:8:"xml_lang";s:0:"";}}s:11:"description";a:1:{i:0;a:5:{s:4:"data";s:148:"Implements Tag &#34;Video&#34; in posts and comments which automatically identifies videos from sites like: youtube, googlevideo, dailymotion, etc..";s:7:"attribs";a:0:{}s:8:"xml_base";s:0:"";s:17:"xml_base_explicit";b:0;s:8:"xml_lang";s:0:"";}}}s:32:"http://purl.org/dc/elements/1.1/";a:1:{s:7:"creator";a:1:{i:0;a:5:{s:4:"data";s:8:"giObanii";s:7:"attribs";a:0:{}s:8:"xml_base";s:0:"";s:17:"xml_base_explicit";b:0;s:8:"xml_lang";s:0:"";}}}}}i:10;a:6:{s:4:"data";s:30:"\n			\n			\n			\n			\n			\n			\n					";s:7:"attribs";a:0:{}s:8:"xml_base";s:0:"";s:17:"xml_base_explicit";b:0;s:8:"xml_lang";s:0:"";s:5:"child";a:2:{s:0:"";a:5:{s:5:"title";a:1:{i:0;a:5:{s:4:"data";s:23:"ccc666 on "HG3-Include"";s:7:"attribs";a:0:{}s:8:"xml_base";s:0:"";s:17:"xml_base_explicit";b:0;s:8:"xml_lang";s:0:"";}}s:4:"link";a:1:{i:0;a:5:{s:4:"data";s:59:"http://wordpress.org/extend/plugins/hg3-include/#post-28959";s:7:"attribs";a:0:{}s:8:"xml_base";s:0:"";s:17:"xml_base_explicit";b:0;s:8:"xml_lang";s:0:"";}}s:7:"pubDate";a:1:{i:0;a:5:{s:4:"data";s:31:"Tue, 02 Aug 2011 19:15:50 +0000";s:7:"attribs";a:0:{}s:8:"xml_base";s:0:"";s:17:"xml_base_explicit";b:0;s:8:"xml_lang";s:0:"";}}s:4:"guid";a:1:{i:0;a:5:{s:4:"data";s:42:"28959@http://wordpress.org/extend/plugins/";s:7:"attribs";a:1:{s:0:"";a:1:{s:11:"isPermaLink";s:5:"false";}}s:8:"xml_base";s:0:"";s:17:"xml_base_explicit";b:0;s:8:"xml_lang";s:0:"";}}s:11:"description";a:1:{i:0;a:5:{s:4:"data";s:90:"Plugin to include any code (html, php, javascript,...) directly into the WordPress editor.";s:7:"attribs";a:0:{}s:8:"xml_base";s:0:"";s:17:"xml_base_explicit";b:0;s:8:"xml_lang";s:0:"";}}}s:32:"http://purl.org/dc/elements/1.1/";a:1:{s:7:"creator";a:1:{i:0;a:5:{s:4:"data";s:6:"ccc666";s:7:"attribs";a:0:{}s:8:"xml_base";s:0:"";s:17:"xml_base_explicit";b:0;s:8:"xml_lang";s:0:"";}}}}}i:11;a:6:{s:4:"data";s:30:"\n			\n			\n			\n			\n			\n			\n					";s:7:"attribs";a:0:{}s:8:"xml_base";s:0:"";s:17:"xml_base_explicit";b:0;s:8:"xml_lang";s:0:"";s:5:"child";a:2:{s:0:"";a:5:{s:5:"title";a:1:{i:0;a:5:{s:4:"data";s:31:"infinimediainc on "Pressbackup"";s:7:"attribs";a:0:{}s:8:"xml_base";s:0:"";s:17:"xml_base_explicit";b:0;s:8:"xml_lang";s:0:"";}}s:4:"link";a:1:{i:0;a:5:{s:4:"data";s:59:"http://wordpress.org/extend/plugins/pressbackup/#post-24193";s:7:"attribs";a:0:{}s:8:"xml_base";s:0:"";s:17:"xml_base_explicit";b:0;s:8:"xml_lang";s:0:"";}}s:7:"pubDate";a:1:{i:0;a:5:{s:4:"data";s:31:"Fri, 04 Feb 2011 16:18:39 +0000";s:7:"attribs";a:0:{}s:8:"xml_base";s:0:"";s:17:"xml_base_explicit";b:0;s:8:"xml_lang";s:0:"";}}s:4:"guid";a:1:{i:0;a:5:{s:4:"data";s:42:"24193@http://wordpress.org/extend/plugins/";s:7:"attribs";a:1:{s:0:"";a:1:{s:11:"isPermaLink";s:5:"false";}}s:8:"xml_base";s:0:"";s:17:"xml_base_explicit";b:0;s:8:"xml_lang";s:0:"";}}s:11:"description";a:1:{i:0;a:5:{s:4:"data";s:93:"Pressbackup is the easiest plugin available for backing up your wordpress site automatically.";s:7:"attribs";a:0:{}s:8:"xml_base";s:0:"";s:17:"xml_base_explicit";b:0;s:8:"xml_lang";s:0:"";}}}s:32:"http://purl.org/dc/elements/1.1/";a:1:{s:7:"creator";a:1:{i:0;a:5:{s:4:"data";s:14:"infinimediainc";s:7:"attribs";a:0:{}s:8:"xml_base";s:0:"";s:17:"xml_base_explicit";b:0;s:8:"xml_lang";s:0:"";}}}}}i:12;a:6:{s:4:"data";s:30:"\n			\n			\n			\n			\n			\n			\n					";s:7:"attribs";a:0:{}s:8:"xml_base";s:0:"";s:17:"xml_base_explicit";b:0;s:8:"xml_lang";s:0:"";s:5:"child";a:2:{s:0:"";a:5:{s:5:"title";a:1:{i:0;a:5:{s:4:"data";s:20:"warting on "Feed.nu"";s:7:"attribs";a:0:{}s:8:"xml_base";s:0:"";s:17:"xml_base_explicit";b:0;s:8:"xml_lang";s:0:"";}}s:4:"link";a:1:{i:0;a:5:{s:4:"data";s:55:"http://wordpress.org/extend/plugins/feed-nu/#post-25116";s:7:"attribs";a:0:{}s:8:"xml_base";s:0:"";s:17:"xml_base_explicit";b:0;s:8:"xml_lang";s:0:"";}}s:7:"pubDate";a:1:{i:0;a:5:{s:4:"data";s:31:"Fri, 11 Mar 2011 15:40:56 +0000";s:7:"attribs";a:0:{}s:8:"xml_base";s:0:"";s:17:"xml_base_explicit";b:0;s:8:"xml_lang";s:0:"";}}s:4:"guid";a:1:{i:0;a:5:{s:4:"data";s:42:"25116@http://wordpress.org/extend/plugins/";s:7:"attribs";a:1:{s:0:"";a:1:{s:11:"isPermaLink";s:5:"false";}}s:8:"xml_base";s:0:"";s:17:"xml_base_explicit";b:0;s:8:"xml_lang";s:0:"";}}s:11:"description";a:1:{i:0;a:5:{s:4:"data";s:105:"Create a native Android app of your blog.\nNo programming skills needed and it&#039;s instantly available.";s:7:"attribs";a:0:{}s:8:"xml_base";s:0:"";s:17:"xml_base_explicit";b:0;s:8:"xml_lang";s:0:"";}}}s:32:"http://purl.org/dc/elements/1.1/";a:1:{s:7:"creator";a:1:{i:0;a:5:{s:4:"data";s:7:"warting";s:7:"attribs";a:0:{}s:8:"xml_base";s:0:"";s:17:"xml_base_explicit";b:0;s:8:"xml_lang";s:0:"";}}}}}i:13;a:6:{s:4:"data";s:30:"\n			\n			\n			\n			\n			\n			\n					";s:7:"attribs";a:0:{}s:8:"xml_base";s:0:"";s:17:"xml_base_explicit";b:0;s:8:"xml_lang";s:0:"";s:5:"child";a:2:{s:0:"";a:5:{s:5:"title";a:1:{i:0;a:5:{s:4:"data";s:30:"M66B on "Add Link to Facebook"";s:7:"attribs";a:0:{}s:8:"xml_base";s:0:"";s:17:"xml_base_explicit";b:0;s:8:"xml_lang";s:0:"";}}s:4:"link";a:1:{i:0;a:5:{s:4:"data";s:68:"http://wordpress.org/extend/plugins/add-link-to-facebook/#post-24221";s:7:"attribs";a:0:{}s:8:"xml_base";s:0:"";s:17:"xml_base_explicit";b:0;s:8:"xml_lang";s:0:"";}}s:7:"pubDate";a:1:{i:0;a:5:{s:4:"data";s:31:"Sat, 05 Feb 2011 14:30:39 +0000";s:7:"attribs";a:0:{}s:8:"xml_base";s:0:"";s:17:"xml_base_explicit";b:0;s:8:"xml_lang";s:0:"";}}s:4:"guid";a:1:{i:0;a:5:{s:4:"data";s:42:"24221@http://wordpress.org/extend/plugins/";s:7:"attribs";a:1:{s:0:"";a:1:{s:11:"isPermaLink";s:5:"false";}}s:8:"xml_base";s:0:"";s:17:"xml_base_explicit";b:0;s:8:"xml_lang";s:0:"";}}s:11:"description";a:1:{i:0;a:5:{s:4:"data";s:99:"Automatically add links to published posts or pages to your Facebook wall, pages or groups and more";s:7:"attribs";a:0:{}s:8:"xml_base";s:0:"";s:17:"xml_base_explicit";b:0;s:8:"xml_lang";s:0:"";}}}s:32:"http://purl.org/dc/elements/1.1/";a:1:{s:7:"creator";a:1:{i:0;a:5:{s:4:"data";s:4:"M66B";s:7:"attribs";a:0:{}s:8:"xml_base";s:0:"";s:17:"xml_base_explicit";b:0;s:8:"xml_lang";s:0:"";}}}}}i:14;a:6:{s:4:"data";s:30:"\n			\n			\n			\n			\n			\n			\n					";s:7:"attribs";a:0:{}s:8:"xml_base";s:0:"";s:17:"xml_base_explicit";b:0;s:8:"xml_lang";s:0:"";s:5:"child";a:2:{s:0:"";a:5:{s:5:"title";a:1:{i:0;a:5:{s:4:"data";s:42:"thantthet on "Myanmar Unicode Font Tagger"";s:7:"attribs";a:0:{}s:8:"xml_base";s:0:"";s:17:"xml_base_explicit";b:0;s:8:"xml_lang";s:0:"";}}s:4:"link";a:1:{i:0;a:5:{s:4:"data";s:70:"http://wordpress.org/extend/plugins/mm-unicode-font-tagger/#post-28876";s:7:"attribs";a:0:{}s:8:"xml_base";s:0:"";s:17:"xml_base_explicit";b:0;s:8:"xml_lang";s:0:"";}}s:7:"pubDate";a:1:{i:0;a:5:{s:4:"data";s:31:"Sat, 30 Jul 2011 11:35:23 +0000";s:7:"attribs";a:0:{}s:8:"xml_base";s:0:"";s:17:"xml_base_explicit";b:0;s:8:"xml_lang";s:0:"";}}s:4:"guid";a:1:{i:0;a:5:{s:4:"data";s:42:"28876@http://wordpress.org/extend/plugins/";s:7:"attribs";a:1:{s:0:"";a:1:{s:11:"isPermaLink";s:5:"false";}}s:8:"xml_base";s:0:"";s:17:"xml_base_explicit";b:0;s:8:"xml_lang";s:0:"";}}s:11:"description";a:1:{i:0;a:5:{s:4:"data";s:113:"This plugin for those who write blog in Myanmar Unicode. This will force to tag CSS Font Family, Myanmar Unicode.";s:7:"attribs";a:0:{}s:8:"xml_base";s:0:"";s:17:"xml_base_explicit";b:0;s:8:"xml_lang";s:0:"";}}}s:32:"http://purl.org/dc/elements/1.1/";a:1:{s:7:"creator";a:1:{i:0;a:5:{s:4:"data";s:9:"thantthet";s:7:"attribs";a:0:{}s:8:"xml_base";s:0:"";s:17:"xml_base_explicit";b:0;s:8:"xml_lang";s:0:"";}}}}}}}s:27:"http://www.w3.org/2005/Atom";a:1:{s:4:"link";a:1:{i:0;a:5:{s:4:"data";s:0:"";s:7:"attribs";a:1:{s:0:"";a:3:{s:4:"href";s:52:"http://wordpress.org/extend/plugins/rss/view/updated";s:3:"rel";s:4:"self";s:4:"type";s:19:"application/rss+xml";}}s:8:"xml_base";s:0:"";s:17:"xml_base_explicit";b:0;s:8:"xml_lang";s:0:"";}}}}}}}}}}}}s:4:"type";i:128;s:7:"headers";a:8:{s:6:"server";s:5:"nginx";s:4:"date";s:29:"Wed, 03 Aug 2011 14:03:30 GMT";s:12:"content-type";s:23:"text/xml; charset=UTF-8";s:10:"connection";s:5:"close";s:4:"vary";s:15:"Accept-Encoding";s:13:"last-modified";s:19:"2011-06-04 11:25:38";s:14:"content-length";s:4:"8006";s:4:"x-nc";s:11:"HIT luv 138";}s:5:"build";s:14:"20090627192103";}', 'no'),
(235, 0, '_site_transient_timeout_browser_b6090f6cee55c39e0b52a3aa222452d2', '1315737651', 'yes'),
(236, 0, '_site_transient_browser_b6090f6cee55c39e0b52a3aa222452d2', 'a:9:{s:8:"platform";s:7:"Windows";s:4:"name";s:6:"Chrome";s:7:"version";s:12:"12.0.742.122";s:10:"update_url";s:28:"http://www.google.com/chrome";s:7:"img_src";s:49:"http://s.wordpress.org/images/browsers/chrome.png";s:11:"img_src_ssl";s:48:"https://wordpress.org/images/browsers/chrome.png";s:15:"current_version";s:2:"12";s:7:"upgrade";b:0;s:8:"insecure";b:0;}', 'yes'),
(286, 0, 'recently_activated', 'a:1:{s:25:"qtranslate/qtranslate.php";i:1312617143;}', 'yes'),
(287, 0, 'vnh', 'a:8:{s:12:"latest_title";N;s:12:"featured_cat";N;s:11:"f_cat_posts";N;s:5:"t_cat";N;s:13:"enable_scroll";i:0;s:5:"m_cat";a:8:{i:0;s:2:"18";i:1;s:1:"7";i:2;s:2:"11";i:3;s:1:"9";i:4;s:2:"14";i:5;s:2:"15";i:6;s:1:"8";i:7;s:2:"10";}s:12:"latest_posts";N;s:20:"inputCategoryDefault";s:7:"4,16,17";}', 'yes');

-- --------------------------------------------------------

--
-- Table structure for table `ktpostmeta`
--

CREATE TABLE IF NOT EXISTS `ktpostmeta` (
  `meta_id` bigint(20) unsigned NOT NULL AUTO_INCREMENT,
  `post_id` bigint(20) unsigned NOT NULL DEFAULT '0',
  `meta_key` varchar(255) DEFAULT NULL,
  `meta_value` longtext,
  PRIMARY KEY (`meta_id`),
  KEY `post_id` (`post_id`),
  KEY `meta_key` (`meta_key`)
) ENGINE=MyISAM  DEFAULT CHARSET=utf8 AUTO_INCREMENT=219 ;

--
-- Dumping data for table `ktpostmeta`
--

INSERT INTO `ktpostmeta` (`meta_id`, `post_id`, `meta_key`, `meta_value`) VALUES
(1, 2, '_wp_page_template', 'default'),
(2, 2, '_edit_lock', '1315150331:1'),
(3, 1, '_edit_lock', '1312415297:1'),
(4, 1, '_edit_last', '1'),
(12, 9, '_edit_lock', '1315150279:1'),
(11, 9, '_edit_last', '1'),
(13, 12, '_edit_last', '1'),
(14, 12, '_edit_lock', '1315150300:1'),
(15, 2, '_edit_last', '1'),
(19, 18, '_edit_lock', '1312415352:1'),
(18, 18, '_edit_last', '1'),
(49, 36, '_edit_lock', '1312617325:1'),
(22, 20, '_edit_last', '1'),
(23, 20, '_edit_lock', '1312415269:1'),
(26, 22, '_edit_last', '1'),
(27, 22, '_edit_lock', '1312415334:1'),
(48, 36, '_edit_last', '1'),
(44, 34, '_edit_last', '1'),
(30, 24, '_edit_last', '1'),
(45, 34, '_edit_lock', '1312386989:1'),
(33, 24, '_edit_lock', '1312415342:1'),
(52, 39, '_wp_attached_file', '2011/09/2congtrinh1_03.png'),
(53, 39, '_wp_attachment_metadata', 'a:6:{s:5:"width";s:3:"223";s:6:"height";s:3:"167";s:14:"hwstring_small";s:23:"height=''96'' width=''128''";s:4:"file";s:26:"2011/09/2congtrinh1_03.png";s:5:"sizes";a:1:{s:9:"thumbnail";a:3:{s:4:"file";s:26:"2congtrinh1_03-150x150.png";s:5:"width";s:3:"150";s:6:"height";s:3:"150";}}s:10:"image_meta";a:10:{s:8:"aperture";s:1:"0";s:6:"credit";s:0:"";s:6:"camera";s:0:"";s:7:"caption";s:0:"";s:17:"created_timestamp";s:1:"0";s:9:"copyright";s:0:"";s:12:"focal_length";s:1:"0";s:3:"iso";s:1:"0";s:13:"shutter_speed";s:1:"0";s:5:"title";s:0:"";}}'),
(54, 18, '_thumbnail_id', '39'),
(57, 41, '_wp_attached_file', '2011/09/2congtrinh1_05.png'),
(58, 41, '_wp_attachment_metadata', 'a:6:{s:5:"width";s:3:"223";s:6:"height";s:3:"167";s:14:"hwstring_small";s:23:"height=''96'' width=''128''";s:4:"file";s:26:"2011/09/2congtrinh1_05.png";s:5:"sizes";a:1:{s:9:"thumbnail";a:3:{s:4:"file";s:26:"2congtrinh1_05-150x150.png";s:5:"width";s:3:"150";s:6:"height";s:3:"150";}}s:10:"image_meta";a:10:{s:8:"aperture";s:1:"0";s:6:"credit";s:0:"";s:6:"camera";s:0:"";s:7:"caption";s:0:"";s:17:"created_timestamp";s:1:"0";s:9:"copyright";s:0:"";s:12:"focal_length";s:1:"0";s:3:"iso";s:1:"0";s:13:"shutter_speed";s:1:"0";s:5:"title";s:0:"";}}'),
(59, 20, '_thumbnail_id', '41'),
(62, 43, '_wp_attached_file', '2011/09/2congtrinh1_07.png'),
(63, 43, '_wp_attachment_metadata', 'a:6:{s:5:"width";s:3:"223";s:6:"height";s:3:"167";s:14:"hwstring_small";s:23:"height=''96'' width=''128''";s:4:"file";s:26:"2011/09/2congtrinh1_07.png";s:5:"sizes";a:1:{s:9:"thumbnail";a:3:{s:4:"file";s:26:"2congtrinh1_07-150x150.png";s:5:"width";s:3:"150";s:6:"height";s:3:"150";}}s:10:"image_meta";a:10:{s:8:"aperture";s:1:"0";s:6:"credit";s:0:"";s:6:"camera";s:0:"";s:7:"caption";s:0:"";s:17:"created_timestamp";s:1:"0";s:9:"copyright";s:0:"";s:12:"focal_length";s:1:"0";s:3:"iso";s:1:"0";s:13:"shutter_speed";s:1:"0";s:5:"title";s:0:"";}}'),
(64, 24, '_thumbnail_id', '43'),
(74, 49, '_wp_attached_file', '2011/09/2congtrinh1_13.png'),
(73, 48, '_edit_lock', '1312415252:1'),
(67, 45, '_wp_attached_file', '2011/09/2congtrinh1_16.png'),
(68, 45, '_wp_attachment_metadata', 'a:6:{s:5:"width";s:3:"223";s:6:"height";s:3:"167";s:14:"hwstring_small";s:23:"height=''96'' width=''128''";s:4:"file";s:26:"2011/09/2congtrinh1_16.png";s:5:"sizes";a:1:{s:9:"thumbnail";a:3:{s:4:"file";s:26:"2congtrinh1_16-150x150.png";s:5:"width";s:3:"150";s:6:"height";s:3:"150";}}s:10:"image_meta";a:10:{s:8:"aperture";s:1:"0";s:6:"credit";s:0:"";s:6:"camera";s:0:"";s:7:"caption";s:0:"";s:17:"created_timestamp";s:1:"0";s:9:"copyright";s:0:"";s:12:"focal_length";s:1:"0";s:3:"iso";s:1:"0";s:13:"shutter_speed";s:1:"0";s:5:"title";s:0:"";}}'),
(69, 22, '_thumbnail_id', '45'),
(72, 48, '_edit_last', '1'),
(75, 49, '_wp_attachment_metadata', 'a:6:{s:5:"width";s:3:"223";s:6:"height";s:3:"167";s:14:"hwstring_small";s:23:"height=''96'' width=''128''";s:4:"file";s:26:"2011/09/2congtrinh1_13.png";s:5:"sizes";a:1:{s:9:"thumbnail";a:3:{s:4:"file";s:26:"2congtrinh1_13-150x150.png";s:5:"width";s:3:"150";s:6:"height";s:3:"150";}}s:10:"image_meta";a:10:{s:8:"aperture";s:1:"0";s:6:"credit";s:0:"";s:6:"camera";s:0:"";s:7:"caption";s:0:"";s:17:"created_timestamp";s:1:"0";s:9:"copyright";s:0:"";s:12:"focal_length";s:1:"0";s:3:"iso";s:1:"0";s:13:"shutter_speed";s:1:"0";s:5:"title";s:0:"";}}'),
(76, 48, '_thumbnail_id', '49'),
(80, 51, '_edit_lock', '1312617430:1'),
(79, 51, '_edit_last', '1'),
(81, 52, '_wp_attached_file', '2011/09/2congtrinh1_18.png'),
(82, 52, '_wp_attachment_metadata', 'a:6:{s:5:"width";s:3:"223";s:6:"height";s:3:"167";s:14:"hwstring_small";s:23:"height=''96'' width=''128''";s:4:"file";s:26:"2011/09/2congtrinh1_18.png";s:5:"sizes";a:1:{s:9:"thumbnail";a:3:{s:4:"file";s:26:"2congtrinh1_18-150x150.png";s:5:"width";s:3:"150";s:6:"height";s:3:"150";}}s:10:"image_meta";a:10:{s:8:"aperture";s:1:"0";s:6:"credit";s:0:"";s:6:"camera";s:0:"";s:7:"caption";s:0:"";s:17:"created_timestamp";s:1:"0";s:9:"copyright";s:0:"";s:12:"focal_length";s:1:"0";s:3:"iso";s:1:"0";s:13:"shutter_speed";s:1:"0";s:5:"title";s:0:"";}}'),
(83, 51, '_thumbnail_id', '52'),
(89, 59, '_edit_lock', '1312617662:1'),
(88, 59, '_edit_last', '1'),
(93, 62, '_edit_lock', '1312390917:1'),
(92, 62, '_edit_last', '1'),
(99, 36, '_thumbnail_id', '52'),
(98, 34, '_thumbnail_id', '39'),
(100, 101, '_edit_last', '1'),
(101, 101, '_edit_lock', '1312387183:1'),
(104, 101, '_thumbnail_id', '52'),
(109, 104, '_thumbnail_id', '41'),
(107, 104, '_edit_last', '1'),
(108, 104, '_edit_lock', '1312390745:1'),
(120, 110, '_edit_lock', '1312388834:1'),
(116, 107, '_thumbnail_id', '45'),
(114, 107, '_edit_last', '1'),
(115, 107, '_edit_lock', '1312387265:1'),
(119, 110, '_edit_last', '1'),
(121, 110, '_thumbnail_id', '41'),
(125, 113, '_edit_lock', '1312390972:1'),
(124, 113, '_edit_last', '1'),
(126, 113, '_thumbnail_id', '39'),
(141, 62, '_wp_trash_meta_time', '1312390941'),
(140, 62, '_wp_trash_meta_status', 'future'),
(139, 62, '_thumbnail_id', '41'),
(144, 59, '_thumbnail_id', '43'),
(145, 1, '_thumbnail_id', '39'),
(146, 129, '_edit_last', '1'),
(147, 129, '_edit_lock', '1312416606:1'),
(148, 129, '_thumbnail_id', '52'),
(152, 131, '_edit_lock', '1312416674:1'),
(151, 131, '_edit_last', '1'),
(159, 131, '_thumbnail_id', '39'),
(164, 135, '_thumbnail_id', '45'),
(163, 135, '_edit_lock', '1312416702:1'),
(162, 135, '_edit_last', '1'),
(174, 139, '_thumbnail_id', '39'),
(173, 139, '_edit_lock', '1312419407:1'),
(167, 137, '_edit_last', '1'),
(168, 137, '_edit_lock', '1312416726:1'),
(169, 137, '_thumbnail_id', '41'),
(172, 139, '_edit_last', '1'),
(178, 141, '_edit_lock', '1312419429:1'),
(177, 141, '_edit_last', '1'),
(179, 141, '_thumbnail_id', '45'),
(188, 156, '_edit_lock', '1312617560:1'),
(182, 143, '_edit_last', '1'),
(183, 143, '_edit_lock', '1312419455:1'),
(184, 143, '_thumbnail_id', '41'),
(187, 156, '_edit_last', '1'),
(193, 156, '_thumbnail_id', '52'),
(196, 162, '_edit_last', '1'),
(197, 162, '_edit_lock', '1312617598:1'),
(198, 162, '_thumbnail_id', '52'),
(202, 59, '_wp_trash_meta_time', '1312617686'),
(201, 59, '_wp_trash_meta_status', 'future'),
(203, 167, '_edit_last', '1'),
(204, 167, '_edit_lock', '1312629539:1'),
(208, 170, '_edit_lock', '1312628592:1'),
(207, 170, '_edit_last', '1'),
(214, 174, '_edit_lock', '1312629569:1'),
(213, 174, '_edit_last', '1');

-- --------------------------------------------------------

--
-- Table structure for table `ktposts`
--

CREATE TABLE IF NOT EXISTS `ktposts` (
  `ID` bigint(20) unsigned NOT NULL AUTO_INCREMENT,
  `post_author` bigint(20) unsigned NOT NULL DEFAULT '0',
  `post_date` datetime NOT NULL DEFAULT '0000-00-00 00:00:00',
  `post_date_gmt` datetime NOT NULL DEFAULT '0000-00-00 00:00:00',
  `post_content` longtext NOT NULL,
  `post_title` text NOT NULL,
  `post_excerpt` text NOT NULL,
  `post_status` varchar(20) NOT NULL DEFAULT 'publish',
  `comment_status` varchar(20) NOT NULL DEFAULT 'open',
  `ping_status` varchar(20) NOT NULL DEFAULT 'open',
  `post_password` varchar(20) NOT NULL DEFAULT '',
  `post_name` varchar(200) NOT NULL DEFAULT '',
  `to_ping` text NOT NULL,
  `pinged` text NOT NULL,
  `post_modified` datetime NOT NULL DEFAULT '0000-00-00 00:00:00',
  `post_modified_gmt` datetime NOT NULL DEFAULT '0000-00-00 00:00:00',
  `post_content_filtered` text NOT NULL,
  `post_parent` bigint(20) unsigned NOT NULL DEFAULT '0',
  `guid` varchar(255) NOT NULL DEFAULT '',
  `menu_order` int(11) NOT NULL DEFAULT '0',
  `post_type` varchar(20) NOT NULL DEFAULT 'post',
  `post_mime_type` varchar(100) NOT NULL DEFAULT '',
  `comment_count` bigint(20) NOT NULL DEFAULT '0',
  PRIMARY KEY (`ID`),
  KEY `post_name` (`post_name`),
  KEY `type_status_date` (`post_type`,`post_status`,`post_date`,`ID`),
  KEY `post_parent` (`post_parent`),
  KEY `post_author` (`post_author`)
) ENGINE=MyISAM  DEFAULT CHARSET=utf8 AUTO_INCREMENT=178 ;

--
-- Dumping data for table `ktposts`
--

INSERT INTO `ktposts` (`ID`, `post_author`, `post_date`, `post_date_gmt`, `post_content`, `post_title`, `post_excerpt`, `post_status`, `comment_status`, `ping_status`, `post_password`, `post_name`, `to_ping`, `pinged`, `post_modified`, `post_modified_gmt`, `post_content_filtered`, `post_parent`, `guid`, `menu_order`, `post_type`, `post_mime_type`, `comment_count`) VALUES
(1, 1, '2011-08-30 17:22:51', '2011-08-30 17:22:51', '<a href="http://architechgreen.com /wp-content/uploads/2011/09/2congtrinh1_03.png"><img class="alignnone size-full wp-image-39" title="2congtrinh1_03" src="http://architechgreen.com /wp-content/uploads/2011/09/2congtrinh1_03.png" alt="" width="223" height="167" /></a>Welcome to WordPress. This is your first post. Edit or delete it, then start blogging!', 'Bar Nhà Hàng', '', 'future', 'open', 'open', '', 'hello-world', '', '', '2011-08-03 23:48:17', '2011-08-03 23:48:17', '', 0, 'http://architechgreen.com /?p=1', 0, 'post', '', 1),
(2, 1, '2011-08-30 17:22:51', '2011-08-30 17:22:51', 'This is an example of a WordPress page, you could edit this to put information about yourself or your site so readers know where you are coming from. You can create as many pages like this one or sub-pages as you like and manage all of your content inside of WordPress.', 'Khách Hàng', '', 'publish', 'open', 'open', '', 'about', '', '', '2011-09-04 15:32:10', '2011-09-04 15:32:10', '', 12, 'http://architechgreen.com /?page_id=2', 0, 'page', '', 0),
(61, 1, '2011-09-06 17:26:24', '0000-00-00 00:00:00', '', 'Auto Draft', '', 'auto-draft', 'open', 'open', '', '', '', '', '2011-09-06 17:26:24', '0000-00-00 00:00:00', '', 0, 'http://architechgreen.com /?p=61', 0, 'post', '', 0),
(4, 1, '2011-09-04 16:08:12', '2011-09-04 16:08:12', '<h2>`2`1``This is an example of a WordPress page, you could edit this to put information about yourself or your site so readers know where you are coming from. You can create as many pages like this one or sub-pages as you like and manage all of your content inside of WordPress.</h2>', 'Khách Hàng`````````````````````````````', '', 'inherit', 'open', 'open', '', '2-autosave', '', '', '2011-09-04 16:08:12', '2011-09-04 16:08:12', '', 2, 'http://architechgreen.com /?p=4', 0, 'revision', '', 0),
(5, 1, '2011-08-30 17:22:51', '2011-08-30 17:22:51', 'Welcome to WordPress. This is your first post. Edit or delete it, then start blogging!', 'Hello world!', '', 'inherit', 'open', 'open', '', '1-revision', '', '', '2011-08-30 17:22:51', '2011-08-30 17:22:51', '', 1, 'http://architechgreen.com /?p=5', 0, 'revision', '', 0),
(6, 1, '2011-08-30 18:18:56', '2011-08-30 18:18:56', 'Welcome to WordPress. This is your first post. Edit or delete it, then start blogging!', 'Hello world!', '', 'inherit', 'open', 'open', '', '1-autosave', '', '', '2011-08-30 18:18:56', '2011-08-30 18:18:56', '', 1, 'http://architechgreen.com /?p=6', 0, 'revision', '', 0),
(7, 1, '2011-08-30 18:00:41', '2011-08-30 18:00:41', 'Welcome to WordPress. This is your first post. Edit or delete it, then start blogging!', 'Hello world!', '', 'inherit', 'open', 'open', '', '1-revision-2', '', '', '2011-08-30 18:00:41', '2011-08-30 18:00:41', '', 1, 'http://architechgreen.com /?p=7', 0, 'revision', '', 0),
(8, 1, '2011-08-30 18:14:07', '2011-08-30 18:14:07', 'Welcome to WordPress. This is your first post. Edit or delete it, then start blogging!', 'Hello world!', '', 'inherit', 'open', 'open', '', '1-revision-3', '', '', '2011-08-30 18:14:07', '2011-08-30 18:14:07', '', 1, 'http://architechgreen.com /?p=8', 0, 'revision', '', 0),
(9, 1, '2011-09-02 14:46:17', '2011-09-02 14:46:17', 'thành tựu nổi bật', 'Thành Tựu Nổi Bật', '', 'publish', 'open', 'open', '', 'thanh-tuu-noi-bat', '', '', '2011-09-04 15:31:19', '2011-09-04 15:31:19', '', 12, 'http://architechgreen.com /?page_id=9', 0, 'page', '', 0),
(10, 1, '2011-09-02 14:46:13', '2011-09-02 14:46:13', 'sd', 'thanh tuu noi bat', '', 'inherit', 'open', 'open', '', '9-revision', '', '', '2011-09-02 14:46:13', '2011-09-02 14:46:13', '', 9, 'http://architechgreen.com /?p=10', 0, 'revision', '', 0),
(11, 1, '2011-09-02 14:46:20', '0000-00-00 00:00:00', '', 'Auto Draft', '', 'auto-draft', 'open', 'open', '', '', '', '', '2011-09-02 14:46:20', '0000-00-00 00:00:00', '', 0, 'http://architechgreen.com /?page_id=11', 0, 'page', '', 0),
(12, 1, '2011-09-02 14:49:56', '2011-09-02 14:49:56', 'giới thiêu', 'Giới Thiệu', '', 'publish', 'open', 'open', '', 'gioi-thieu', '', '', '2011-09-04 15:31:40', '2011-09-04 15:31:40', '', 0, 'http://architechgreen.com /?page_id=12', 0, 'page', '', 0),
(13, 1, '2011-09-02 14:49:44', '2011-09-02 14:49:44', '', 'gioi thieu', '', 'inherit', 'open', 'open', '', '12-revision', '', '', '2011-09-02 14:49:44', '2011-09-02 14:49:44', '', 12, 'http://architechgreen.com /?p=13', 0, 'revision', '', 0),
(14, 1, '2011-08-30 17:22:51', '2011-08-30 17:22:51', 'This is an example of a WordPress page, you could edit this to put information about yourself or your site so readers know where you are coming from. You can create as many pages like this one or sub-pages as you like and manage all of your content inside of WordPress.', 'About', '', 'inherit', 'open', 'open', '', '2-revision', '', '', '2011-08-30 17:22:51', '2011-08-30 17:22:51', '', 2, 'http://architechgreen.com /?p=14', 0, 'revision', '', 0),
(15, 1, '2011-09-02 14:46:17', '2011-09-02 14:46:17', 'sdafasdfasdfa', 'thanh tuu noi bat', '', 'inherit', 'open', 'open', '', '9-revision-2', '', '', '2011-09-02 14:46:17', '2011-09-02 14:46:17', '', 9, 'http://architechgreen.com /?p=15', 0, 'revision', '', 0),
(16, 1, '2011-09-02 14:51:16', '2011-09-02 14:51:16', 'sdafasdfasdfa', 'thanh tuu noi bat', '', 'inherit', 'open', 'open', '', '9-autosave', '', '', '2011-09-02 14:51:16', '2011-09-02 14:51:16', '', 9, 'http://architechgreen.com /?p=16', 0, 'revision', '', 0),
(17, 1, '2011-08-30 18:17:54', '2011-08-30 18:17:54', 'Welcome to WordPress. This is your first post. Edit or delete it, then start blogging!', 'Hello world!', '', 'inherit', 'open', 'open', '', '1-revision-4', '', '', '2011-08-30 18:17:54', '2011-08-30 18:17:54', '', 1, 'http://architechgreen.com /?p=17', 0, 'revision', '', 0),
(18, 1, '2011-09-04 10:41:49', '2011-09-04 10:41:49', 'day la can ho <a href="http://architechgreen.com /wp-content/uploads/2011/09/2congtrinh1_03.png"><img class="alignnone size-full wp-image-39" title="2congtrinh1_03" src="http://architechgreen.com /wp-content/uploads/2011/09/2congtrinh1_03.png" alt="" width="223" height="167" /></a>', 'Căn Hộ 103 Mỹ Đình', '', 'publish', 'open', 'open', '', 'my-dinh-1', '', '', '2011-09-04 11:40:55', '2011-09-04 11:40:55', '', 0, 'http://architechgreen.com /?p=18', 0, 'post', '', 0),
(19, 1, '2011-09-04 10:41:46', '2011-09-04 10:41:46', 's', 'my dinh 1', '', 'inherit', 'open', 'open', '', '18-revision', '', '', '2011-09-04 10:41:46', '2011-09-04 10:41:46', '', 18, 'http://architechgreen.com /?p=19', 0, 'revision', '', 0),
(20, 1, '2011-09-04 10:42:04', '2011-09-04 10:42:04', '<a href="http://architechgreen.com /wp-content/uploads/2011/09/2congtrinh1_05.png"><img class="alignnone size-full wp-image-41" title="2congtrinh1_05" src="http://architechgreen.com /wp-content/uploads/2011/09/2congtrinh1_05.png" alt="" width="223" height="167" /></a>kien truc 1', 'Kiến Trúc 01', '', 'publish', 'open', 'open', '', 'kien-truc-1', '', '', '2011-09-04 11:41:39', '2011-09-04 11:41:39', '', 0, 'http://architechgreen.com /?p=20', 0, 'post', '', 0),
(21, 1, '2011-09-04 10:42:00', '2011-09-04 10:42:00', '', 'kien truc 1', '', 'inherit', 'open', 'open', '', '20-revision', '', '', '2011-09-04 10:42:00', '2011-09-04 10:42:00', '', 20, 'http://architechgreen.com /?p=21', 0, 'revision', '', 0),
(22, 1, '2011-09-04 10:42:20', '2011-09-04 10:42:20', '<a href="http://architechgreen.com /wp-content/uploads/2011/09/2congtrinh1_16.png"><img class="alignnone size-full wp-image-45" title="2congtrinh1_16" src="http://architechgreen.com /wp-content/uploads/2011/09/2congtrinh1_16.png" alt="" width="223" height="167" /></a>show room thai ha', 'showrom 120 Thái Hà', '', 'publish', 'open', 'open', '', 'showrom-thai-ha', '', '', '2011-09-04 11:42:44', '2011-09-04 11:42:44', '', 0, 'http://architechgreen.com /?p=22', 0, 'post', '', 0),
(23, 1, '2011-09-04 10:42:14', '2011-09-04 10:42:14', '', 'showrom thai ha', '', 'inherit', 'open', 'open', '', '22-revision', '', '', '2011-09-04 10:42:14', '2011-09-04 10:42:14', '', 22, 'http://architechgreen.com /?p=23', 0, 'revision', '', 0),
(24, 1, '2011-09-04 10:42:36', '2011-09-04 10:42:36', 'nam thang long 1<a href="http://architechgreen.com /wp-content/uploads/2011/09/2congtrinh1_07.png"><img class="alignnone size-full wp-image-43" title="2congtrinh1_07" src="http://architechgreen.com /wp-content/uploads/2011/09/2congtrinh1_07.png" alt="" width="223" height="167" /></a>', 'Căn hộ 901 Nam Thăng Long', '', 'publish', 'open', 'open', '', 'nam-thang-long-1', '', '', '2011-09-04 11:42:13', '2011-09-04 11:42:13', '', 0, 'http://architechgreen.com /?p=24', 0, 'post', '', 0),
(25, 1, '2011-09-04 10:42:27', '2011-09-04 10:42:27', '', 'Auto Draft', '', 'inherit', 'open', 'open', '', '24-revision', '', '', '2011-09-04 10:42:27', '2011-09-04 10:42:27', '', 24, 'http://architechgreen.com /?p=25', 0, 'revision', '', 0),
(26, 1, '2011-09-04 11:28:34', '2011-09-04 11:28:34', 'nam thang long 1', 'nam thang long 1', '', 'inherit', 'open', 'open', '', '24-autosave', '', '', '2011-09-04 11:28:34', '2011-09-04 11:28:34', '', 24, 'http://architechgreen.com /?p=26', 0, 'revision', '', 0),
(27, 1, '2011-09-04 10:41:49', '2011-09-04 10:41:49', 'sdfsadf', 'my dinh 1', '', 'inherit', 'open', 'open', '', '18-revision-2', '', '', '2011-09-04 10:41:49', '2011-09-04 10:41:49', '', 18, 'http://architechgreen.com /?p=27', 0, 'revision', '', 0),
(28, 1, '2011-09-04 11:17:40', '2011-09-04 11:17:40', 'sdfsadf', 'my dinh 1', '', 'inherit', 'open', 'open', '', '18-revision-3', '', '', '2011-09-04 11:17:40', '2011-09-04 11:17:40', '', 18, 'http://architechgreen.com /?p=28', 0, 'revision', '', 0),
(29, 1, '2011-09-04 11:18:18', '2011-09-04 11:18:18', 'sdfsadf', 'my dinh 1', '', 'inherit', 'open', 'open', '', '18-revision-4', '', '', '2011-09-04 11:18:18', '2011-09-04 11:18:18', '', 18, 'http://architechgreen.com /?p=29', 0, 'revision', '', 0),
(30, 1, '2011-09-04 11:20:16', '2011-09-04 11:20:16', 'sdfsadf', 'my dinh 1', '', 'inherit', 'open', 'open', '', '18-autosave', '', '', '2011-09-04 11:20:16', '2011-09-04 11:20:16', '', 18, 'http://architechgreen.com /?p=30', 0, 'revision', '', 0),
(31, 1, '2011-09-04 11:19:15', '2011-09-04 11:19:15', 'sdfsadf', 'my dinh 1', '', 'inherit', 'open', 'open', '', '18-revision-5', '', '', '2011-09-04 11:19:15', '2011-09-04 11:19:15', '', 18, 'http://architechgreen.com /?p=31', 0, 'revision', '', 0),
(32, 1, '2011-09-04 11:27:22', '0000-00-00 00:00:00', '', 'Auto Draft', '', 'auto-draft', 'open', 'open', '', '', '', '', '2011-09-04 11:27:22', '0000-00-00 00:00:00', '', 0, 'http://architechgreen.com /?p=32', 0, 'post', '', 0),
(33, 1, '2011-09-04 10:42:36', '2011-09-04 10:42:36', 'nam thang long 1', 'nam thang long 1', '', 'inherit', 'open', 'open', '', '24-revision-2', '', '', '2011-09-04 10:42:36', '2011-09-04 10:42:36', '', 24, 'http://architechgreen.com /?p=33', 0, 'revision', '', 0),
(34, 1, '2011-09-04 11:31:52', '2011-09-04 11:31:52', 'hi there just to let you know you most likely do not have to hack this..\r\n\r\nwhat happens is when you upgrade to multisite, or new wordpress... you have to enable images uploads under network settings for that module to be available to the individual sites, or the main site.\r\n\r\nso you could have featured image turned off on one multisite, but available on your main one.\r\n\r\njust enable image uploads and it will show up.<a href="http://architechgreen.com /wp-content/uploads/2011/09/2congtrinh1_03.png"><img class="alignnone size-full wp-image-39" title="2congtrinh1_03" src="http://architechgreen.com /wp-content/uploads/2011/09/2congtrinh1_03.png" alt="" width="223" height="167" /></a>', 'tin trong nuoc 1', '', 'future', 'open', 'open', '', 'tin-trong-nuoc-1', '', '', '2011-08-03 15:54:58', '2011-08-03 15:54:58', '', 0, 'http://architechgreen.com /?p=34', 0, 'post', '', 0),
(35, 1, '2011-09-04 11:31:45', '2011-09-04 11:31:45', '', 'tin trong nuoc 1', '', 'inherit', 'open', 'open', '', '34-revision', '', '', '2011-09-04 11:31:45', '2011-09-04 11:31:45', '', 34, 'http://architechgreen.com /?p=35', 0, 'revision', '', 0),
(36, 1, '2011-09-04 11:32:15', '2011-09-04 11:32:15', '<!--:en--><a href="http://architechgreen.com /wp-content/uploads/2011/09/2congtrinh1_18.png"><img class="alignnone size-full wp-image-52" title="2congtrinh1_18" src="http://architechgreen.com /wp-content/uploads/2011/09/2congtrinh1_18.png" alt="" width="223" height="167" /></a>hi there just to let you know you most likely do not have to hack this..en\r\n\r\nwhat happens is when you upgrade to multisite, or new wordpress... you have to enable images uploads under network settings for that module to be available to the individual sites, or the main site.\r\n\r\nso you could have featured image turned off on one multisite, but available on your main one.\r\n\r\njust enable image uploads and it will show up.<!--:--><!--:vi--><a href="http://architechgreen.com /wp-content/uploads/2011/09/2congtrinh1_18.png"><img class="alignnone size-full wp-image-52" title="2congtrinh1_18" src="http://architechgreen.com /wp-content/uploads/2011/09/2congtrinh1_18.png" alt="" width="223" height="167" /></a>hi there just to let you know you most likely do not have to hack this..vi\r\n\r\nwhat happens is when you upgrade to multisite, or new wordpress... you have to enable images uploads under network settings for that module to be available to the individual sites, or the main site.\r\n\r\nso you could have featured image turned off on one multisite, but available on your main one.\r\n\r\njust enable image uploads and it will show up.<!--:-->', 'Tuyển dụng lập trình viên', '', 'future', 'open', 'open', '', 'a-tuyen-nhan-su', '', '', '2011-08-06 07:55:24', '2011-08-06 07:55:24', '', 0, 'http://architechgreen.com /?p=36', 0, 'post', '', 0),
(37, 1, '2011-09-04 11:31:57', '2011-09-04 11:31:57', '', 'tin nuoc ngoai', '', 'inherit', 'open', 'open', '', '36-revision', '', '', '2011-09-04 11:31:57', '2011-09-04 11:31:57', '', 36, 'http://architechgreen.com /?p=37', 0, 'revision', '', 0),
(38, 1, '2011-09-04 11:33:16', '2011-09-04 11:33:16', 'tin nuoc ngoai', 'A+ tuyen nhan su', '', 'inherit', 'open', 'open', '', '36-autosave', '', '', '2011-09-04 11:33:16', '2011-09-04 11:33:16', '', 36, 'http://architechgreen.com /?p=38', 0, 'revision', '', 0),
(39, 1, '2011-09-04 11:40:43', '2011-09-04 11:40:43', '', '2congtrinh1_03', '', 'inherit', 'open', 'open', '', '2congtrinh1_03', '', '', '2011-09-04 11:40:43', '2011-09-04 11:40:43', '', 18, 'http://architechgreen.com /wp-content/uploads/2011/09/2congtrinh1_03.png', 0, 'attachment', 'image/png', 0),
(40, 1, '2011-09-04 11:27:20', '2011-09-04 11:27:20', 'sdfsadf', 'my dinh 1', '', 'inherit', 'open', 'open', '', '18-revision-6', '', '', '2011-09-04 11:27:20', '2011-09-04 11:27:20', '', 18, 'http://architechgreen.com /?p=40', 0, 'revision', '', 0),
(41, 1, '2011-09-04 11:41:33', '2011-09-04 11:41:33', '', '2congtrinh1_05', '', 'inherit', 'open', 'open', '', '2congtrinh1_05', '', '', '2011-09-04 11:41:33', '2011-09-04 11:41:33', '', 20, 'http://architechgreen.com /wp-content/uploads/2011/09/2congtrinh1_05.png', 0, 'attachment', 'image/png', 0),
(42, 1, '2011-09-04 10:42:04', '2011-09-04 10:42:04', 'kien truc 1', 'kien truc 1', '', 'inherit', 'open', 'open', '', '20-revision-2', '', '', '2011-09-04 10:42:04', '2011-09-04 10:42:04', '', 20, 'http://architechgreen.com /?p=42', 0, 'revision', '', 0),
(43, 1, '2011-09-04 11:42:07', '2011-09-04 11:42:07', '', '2congtrinh1_07', '', 'inherit', 'open', 'open', '', '2congtrinh1_07', '', '', '2011-09-04 11:42:07', '2011-09-04 11:42:07', '', 24, 'http://architechgreen.com /wp-content/uploads/2011/09/2congtrinh1_07.png', 0, 'attachment', 'image/png', 0),
(44, 1, '2011-09-04 11:27:33', '2011-09-04 11:27:33', 'nam thang long 1', 'nam thang long 1', '', 'inherit', 'open', 'open', '', '24-revision-3', '', '', '2011-09-04 11:27:33', '2011-09-04 11:27:33', '', 24, 'http://architechgreen.com /?p=44', 0, 'revision', '', 0),
(45, 1, '2011-09-04 11:42:38', '2011-09-04 11:42:38', '', '2congtrinh1_16', '', 'inherit', 'open', 'open', '', '2congtrinh1_16', '', '', '2011-09-04 11:42:38', '2011-09-04 11:42:38', '', 22, 'http://architechgreen.com /wp-content/uploads/2011/09/2congtrinh1_16.png', 0, 'attachment', 'image/png', 0),
(46, 1, '2011-09-04 10:42:20', '2011-09-04 10:42:20', 'show room thai ha', 'showrom thai ha', '', 'inherit', 'open', 'open', '', '22-revision-2', '', '', '2011-09-04 10:42:20', '2011-09-04 10:42:20', '', 22, 'http://architechgreen.com /?p=46', 0, 'revision', '', 0),
(47, 1, '2011-08-03 15:34:40', '2011-08-03 15:34:40', '<a href="http://architechgreen.com /wp-content/uploads/2011/09/2congtrinh1_16.png"><img class="alignnone size-full wp-image-45" title="2congtrinh1_16" src="http://architechgreen.com /wp-content/uploads/2011/09/2congtrinh1_16.png" alt="" width="223" height="167" /></a>show room thai ha', 'showrom 120 Thái Hà', '', 'inherit', 'open', 'open', '', '22-autosave', '', '', '2011-08-03 15:34:40', '2011-08-03 15:34:40', '', 22, 'http://architechgreen.com /?p=47', 0, 'revision', '', 0),
(48, 1, '2011-09-04 11:50:20', '2011-09-04 11:50:20', '<a href="http://architechgreen.com /wp-content/uploads/2011/09/2congtrinh1_13.png"><img class="alignnone size-full wp-image-49" title="2congtrinh1_13" src="http://architechgreen.com /wp-content/uploads/2011/09/2congtrinh1_13.png" alt="" width="223" height="167" /></a>', 'văn phòng công ty vcop 123 Bà Triệu', '', 'publish', 'open', 'open', '', 'van-phong-cong-ty-vcop-123-ba-tri%e1%bb%87u', '', '', '2011-09-04 11:50:20', '2011-09-04 11:50:20', '', 0, 'http://architechgreen.com /?p=48', 0, 'post', '', 0),
(49, 1, '2011-09-04 11:50:13', '2011-09-04 11:50:13', '', '2congtrinh1_13', '', 'inherit', 'open', 'open', '', '2congtrinh1_13', '', '', '2011-09-04 11:50:13', '2011-09-04 11:50:13', '', 48, 'http://architechgreen.com /wp-content/uploads/2011/09/2congtrinh1_13.png', 0, 'attachment', 'image/png', 0),
(50, 1, '2011-09-04 11:50:00', '2011-09-04 11:50:00', '', 'văn phòng công ty vcop 123 Bà Triệu', '', 'inherit', 'open', 'open', '', '48-revision', '', '', '2011-09-04 11:50:00', '2011-09-04 11:50:00', '', 48, 'http://architechgreen.com /?p=50', 0, 'revision', '', 0),
(51, 1, '2011-09-04 11:50:51', '2011-09-04 11:50:51', '<a href="http://architechgreen.com /wp-content/uploads/2011/09/2congtrinh1_18.png"><img class="alignnone size-full wp-image-52" title="2congtrinh1_18" src="http://architechgreen.com /wp-content/uploads/2011/09/2congtrinh1_18.png" alt="" width="223" height="167" /></a>', 'Bar ', '', 'future', 'open', 'open', '', 'bar', '', '', '2011-08-06 07:57:09', '2011-08-06 07:57:09', '', 0, 'http://architechgreen.com /?p=51', 0, 'post', '', 0),
(52, 1, '2011-09-04 11:50:46', '2011-09-04 11:50:46', '', '2congtrinh1_18', '', 'inherit', 'open', 'open', '', '2congtrinh1_18', '', '', '2011-09-04 11:50:46', '2011-09-04 11:50:46', '', 51, 'http://architechgreen.com /wp-content/uploads/2011/09/2congtrinh1_18.png', 0, 'attachment', 'image/png', 0),
(53, 1, '2011-09-04 11:50:35', '2011-09-04 11:50:35', '', 'Bar ', '', 'inherit', 'open', 'open', '', '51-revision', '', '', '2011-09-04 11:50:35', '2011-09-04 11:50:35', '', 51, 'http://architechgreen.com /?p=53', 0, 'revision', '', 0),
(54, 1, '2011-09-05 16:18:13', '2011-09-05 16:18:13', '<a href="http://architechgreen.com /wp-content/uploads/2011/09/2congtrinh1_18.png"><img class="alignnone size-full wp-image-52" title="2congtrinh1_18" src="http://architechgreen.com /wp-content/uploads/2011/09/2congtrinh1_18.png" alt="" width="223" height="167" /></a>', 'Bar ', '', 'inherit', 'open', 'open', '', '51-autosave', '', '', '2011-09-05 16:18:13', '2011-09-05 16:18:13', '', 51, 'http://architechgreen.com /?p=54', 0, 'revision', '', 0),
(55, 1, '2011-09-02 14:50:15', '2011-09-02 14:50:15', 'sdafasdfasdfa', 'thanh tuu noi bat', '', 'inherit', 'open', 'open', '', '9-revision-3', '', '', '2011-09-02 14:50:15', '2011-09-02 14:50:15', '', 9, 'http://architechgreen.com /?p=55', 0, 'revision', '', 0),
(56, 1, '2011-09-02 14:49:56', '2011-09-02 14:49:56', '', 'gioi thieu', '', 'inherit', 'open', 'open', '', '12-revision-2', '', '', '2011-09-02 14:49:56', '2011-09-02 14:49:56', '', 12, 'http://architechgreen.com /?p=56', 0, 'revision', '', 0),
(57, 1, '2011-09-02 14:50:06', '2011-09-02 14:50:06', 'This is an example of a WordPress page, you could edit this to put information about yourself or your site so readers know where you are coming from. You can create as many pages like this one or sub-pages as you like and manage all of your content inside of WordPress.', 'About', '', 'inherit', 'open', 'open', '', '2-revision-2', '', '', '2011-09-02 14:50:06', '2011-09-02 14:50:06', '', 2, 'http://architechgreen.com /?p=57', 0, 'revision', '', 0),
(58, 1, '2011-09-04 10:41:34', '2011-09-04 10:41:34', 'Welcome to WordPress. This is your first post. Edit or delete it, then start blogging!', 'bar nha hang', '', 'inherit', 'open', 'open', '', '1-revision-5', '', '', '2011-09-04 10:41:34', '2011-09-04 10:41:34', '', 1, 'http://architechgreen.com /?p=58', 0, 'revision', '', 0),
(59, 1, '2011-09-05 16:21:39', '2011-09-05 16:21:39', '<!--:en--><a href="http://architechgreen.com /wp-content/uploads/2011/09/2congtrinh1_07.png"><img class="alignnone size-full wp-image-43" title="2congtrinh1_07" src="http://architechgreen.com /wp-content/uploads/2011/09/2congtrinh1_07.png" alt="" width="223" height="167" /></a>\r\n\r\nthis is post caputra<!--:--><!--:vi-->this is post caputra-vi<!--:-->', 'Lo 12', '', 'trash', 'open', 'open', '', 'caputra', '', '', '2011-08-06 08:01:26', '2011-08-06 08:01:26', '', 0, 'http://architechgreen.com /?p=59', 0, 'post', '', 0),
(60, 1, '2011-09-05 16:21:15', '2011-09-05 16:21:15', '', 'caputra', '', 'inherit', 'open', 'open', '', '59-revision', '', '', '2011-09-05 16:21:15', '2011-09-05 16:21:15', '', 59, 'http://architechgreen.com /?p=60', 0, 'revision', '', 0),
(62, 1, '2011-09-06 17:26:36', '2011-09-06 17:26:36', '<a href="http://architechgreen.com /wp-content/uploads/2011/09/2congtrinh1_05.png"><img class="alignnone size-full wp-image-41" title="2congtrinh1_05" src="http://architechgreen.com /wp-content/uploads/2011/09/2congtrinh1_05.png" alt="" width="223" height="167" /></a>\r\n\r\n&nbsp;\r\n\r\ns of wordpress 2.9, it gives really a cool way of setting post thumbnails. If you are a WordPress 3 user, then you should have noticed that, it has now been renamed to <strong>Featured Image</strong>. Anyways, basically what it does is, assigns an attachment image of a post as featured or thumbnail and gives an API to get the image to be used as thumbnail or whatever within plugin or theme. This is really very much effective. But, to use this, you need to add the following line of code inside the functions.php file of your theme template.', 'của hàng nhựa châu âu', '', 'trash', 'open', 'open', '', 'ket-noi', '', '', '2011-08-03 17:02:21', '2011-08-03 17:02:21', '', 0, 'http://architechgreen.com /?p=62', 0, 'post', '', 0),
(63, 1, '2011-09-06 17:26:30', '2011-09-06 17:26:30', '', 'ket noi', '', 'inherit', 'open', 'open', '', '62-revision', '', '', '2011-09-06 17:26:30', '2011-09-06 17:26:30', '', 62, 'http://architechgreen.com /?p=63', 0, 'revision', '', 0),
(64, 1, '2011-08-03 15:58:11', '2011-08-03 15:58:11', 'ket noi', 'ket noi', '', 'inherit', 'open', 'open', '', '62-autosave', '', '', '2011-08-03 15:58:11', '2011-08-03 15:58:11', '', 62, 'http://architechgreen.com /?p=64', 0, 'revision', '', 0),
(65, 1, '2011-08-06 07:56:48', '2011-08-06 07:56:48', '<!--:en--><a href="http://architechgreen.com /wp-content/uploads/2011/09/2congtrinh1_07.png"><img class="alignnone size-full wp-image-43" title="2congtrinh1_07" src="http://architechgreen.com /wp-content/uploads/2011/09/2congtrinh1_07.png" alt="" width="223" height="167" /></a>\n\nthis is post caputra<!--:--><!--:vi-->this is post caputra-vi<!--:-->', 'caputra', '', 'inherit', 'open', 'open', '', '59-autosave', '', '', '2011-08-06 07:56:48', '2011-08-06 07:56:48', '', 59, 'http://architechgreen.com /?p=65', 0, 'revision', '', 0),
(66, 1, '2011-09-07 14:01:27', '0000-00-00 00:00:00', '', 'Auto Draft', '', 'auto-draft', 'open', 'open', '', '', '', '', '2011-09-07 14:01:27', '0000-00-00 00:00:00', '', 0, 'http://architechgreen.com /?p=66', 0, 'post', '', 0),
(67, 1, '2011-09-07 14:02:17', '0000-00-00 00:00:00', '', 'Auto Draft', '', 'auto-draft', 'open', 'open', '', '', '', '', '2011-09-07 14:02:17', '0000-00-00 00:00:00', '', 0, 'http://architechgreen.com /?p=67', 0, 'post', '', 0),
(68, 1, '2011-09-07 14:22:33', '0000-00-00 00:00:00', '', 'Auto Draft', '', 'auto-draft', 'open', 'open', '', '', '', '', '2011-09-07 14:22:33', '0000-00-00 00:00:00', '', 0, 'http://architechgreen.com /?p=68', 0, 'post', '', 0),
(69, 1, '2011-09-07 14:23:40', '0000-00-00 00:00:00', '', 'Auto Draft', '', 'auto-draft', 'open', 'open', '', '', '', '', '2011-09-07 14:23:40', '0000-00-00 00:00:00', '', 0, 'http://architechgreen.com /?p=69', 0, 'post', '', 0),
(70, 1, '2011-09-07 14:23:42', '0000-00-00 00:00:00', '', 'Auto Draft', '', 'auto-draft', 'open', 'open', '', '', '', '', '2011-09-07 14:23:42', '0000-00-00 00:00:00', '', 0, 'http://architechgreen.com /?p=70', 0, 'post', '', 0),
(71, 1, '2011-09-07 14:23:46', '0000-00-00 00:00:00', '', 'Auto Draft', '', 'auto-draft', 'open', 'open', '', '', '', '', '2011-09-07 14:23:46', '0000-00-00 00:00:00', '', 0, 'http://architechgreen.com /?p=71', 0, 'post', '', 0),
(72, 1, '2011-09-07 14:23:53', '0000-00-00 00:00:00', '', 'Auto Draft', '', 'auto-draft', 'open', 'open', '', '', '', '', '2011-09-07 14:23:53', '0000-00-00 00:00:00', '', 0, 'http://architechgreen.com /?p=72', 0, 'post', '', 0),
(73, 1, '2011-09-07 14:56:48', '0000-00-00 00:00:00', '', 'Auto Draft', '', 'auto-draft', 'open', 'open', '', '', '', '', '2011-09-07 14:56:48', '0000-00-00 00:00:00', '', 0, 'http://architechgreen.com /?p=73', 0, 'post', '', 0),
(74, 1, '2011-09-07 14:56:49', '0000-00-00 00:00:00', '', 'Auto Draft', '', 'auto-draft', 'open', 'open', '', '', '', '', '2011-09-07 14:56:49', '0000-00-00 00:00:00', '', 0, 'http://architechgreen.com /?p=74', 0, 'post', '', 0),
(75, 1, '2011-09-07 14:56:49', '0000-00-00 00:00:00', '', 'Auto Draft', '', 'auto-draft', 'open', 'open', '', '', '', '', '2011-09-07 14:56:49', '0000-00-00 00:00:00', '', 0, 'http://architechgreen.com /?p=75', 0, 'post', '', 0),
(76, 1, '2011-08-03 15:05:53', '0000-00-00 00:00:00', '', 'Auto Draft', '', 'auto-draft', 'open', 'open', '', '', '', '', '2011-08-03 15:05:53', '0000-00-00 00:00:00', '', 0, 'http://architechgreen.com /?p=76', 0, 'post', '', 0),
(77, 1, '2011-08-03 15:14:34', '0000-00-00 00:00:00', '', 'Auto Draft', '', 'auto-draft', 'open', 'open', '', '', '', '', '2011-08-03 15:14:34', '0000-00-00 00:00:00', '', 0, 'http://architechgreen.com /?p=77', 0, 'post', '', 0),
(78, 1, '2011-08-03 15:25:57', '0000-00-00 00:00:00', '', 'Auto Draft', '', 'auto-draft', 'open', 'open', '', '', '', '', '2011-08-03 15:25:57', '0000-00-00 00:00:00', '', 0, 'http://architechgreen.com /?p=78', 0, 'post', '', 0),
(79, 1, '2011-08-03 15:26:54', '0000-00-00 00:00:00', '', 'Auto Draft', '', 'auto-draft', 'open', 'open', '', '', '', '', '2011-08-03 15:26:54', '0000-00-00 00:00:00', '', 0, 'http://architechgreen.com /?p=79', 0, 'post', '', 0),
(80, 1, '2011-08-03 15:27:24', '0000-00-00 00:00:00', '', 'Auto Draft', '', 'auto-draft', 'open', 'open', '', '', '', '', '2011-08-03 15:27:24', '0000-00-00 00:00:00', '', 0, 'http://architechgreen.com /?p=80', 0, 'post', '', 0),
(81, 1, '2011-08-03 15:38:41', '2011-08-03 15:38:41', '', 'Auto Draft', '', 'auto-draft', 'open', 'open', '', 'auto-draft', '', '', '2011-08-03 15:39:12', '2011-08-03 15:39:12', '', 0, 'http://architechgreen.com /?p=81', 0, 'post', '', 0),
(82, 1, '2011-08-03 15:38:41', '2011-08-03 15:38:41', '', 'Auto Draft', '', 'inherit', 'open', 'open', '', '81-revision', '', '', '2011-08-03 15:38:41', '2011-08-03 15:38:41', '', 81, 'http://architechgreen.com /?p=82', 0, 'revision', '', 0),
(83, 1, '2011-08-03 15:39:05', '2011-08-03 15:39:05', '', 'Auto Draft', '', 'inherit', 'open', 'open', '', '81-revision-2', '', '', '2011-08-03 15:39:05', '2011-08-03 15:39:05', '', 81, 'http://architechgreen.com /?p=83', 0, 'revision', '', 0),
(84, 1, '2011-08-03 15:39:16', '0000-00-00 00:00:00', '', 'Auto Draft', '', 'auto-draft', 'open', 'open', '', '', '', '', '2011-08-03 15:39:16', '0000-00-00 00:00:00', '', 0, 'http://architechgreen.com /?p=84', 0, 'post', '', 0),
(85, 1, '2011-08-03 15:41:15', '0000-00-00 00:00:00', '', 'Auto Draft', '', 'auto-draft', 'open', 'open', '', '', '', '', '2011-08-03 15:41:15', '0000-00-00 00:00:00', '', 0, 'http://architechgreen.com /?p=85', 0, 'post', '', 0),
(86, 1, '2011-08-03 15:41:35', '0000-00-00 00:00:00', '', 'Auto Draft', '', 'auto-draft', 'open', 'open', '', '', '', '', '2011-08-03 15:41:35', '0000-00-00 00:00:00', '', 0, 'http://architechgreen.com /?p=86', 0, 'post', '', 0),
(87, 1, '2011-08-03 15:42:59', '0000-00-00 00:00:00', '', 'Auto Draft', '', 'auto-draft', 'open', 'open', '', '', '', '', '2011-08-03 15:42:59', '0000-00-00 00:00:00', '', 0, 'http://architechgreen.com /?p=87', 0, 'post', '', 0),
(88, 1, '2011-08-03 15:44:03', '0000-00-00 00:00:00', '', 'Auto Draft', '', 'auto-draft', 'open', 'open', '', '', '', '', '2011-08-03 15:44:03', '0000-00-00 00:00:00', '', 0, 'http://architechgreen.com /?p=88', 0, 'post', '', 0),
(89, 1, '2011-08-03 15:44:09', '0000-00-00 00:00:00', '', 'Auto Draft', '', 'auto-draft', 'open', 'open', '', '', '', '', '2011-08-03 15:44:09', '0000-00-00 00:00:00', '', 0, 'http://architechgreen.com /?p=89', 0, 'post', '', 0),
(90, 1, '2011-08-03 15:46:03', '0000-00-00 00:00:00', '', 'Auto Draft', '', 'auto-draft', 'open', 'open', '', '', '', '', '2011-08-03 15:46:03', '0000-00-00 00:00:00', '', 0, 'http://architechgreen.com /?p=90', 0, 'post', '', 0),
(91, 1, '2011-08-03 15:46:47', '0000-00-00 00:00:00', '', 'Auto Draft', '', 'auto-draft', 'open', 'open', '', '', '', '', '2011-08-03 15:46:47', '0000-00-00 00:00:00', '', 0, 'http://architechgreen.com /?p=91', 0, 'post', '', 0),
(92, 1, '2011-08-03 15:47:31', '0000-00-00 00:00:00', '', 'Auto Draft', '', 'auto-draft', 'open', 'open', '', '', '', '', '2011-08-03 15:47:31', '0000-00-00 00:00:00', '', 0, 'http://architechgreen.com /?p=92', 0, 'post', '', 0),
(93, 1, '2011-08-03 15:47:33', '0000-00-00 00:00:00', '', 'Auto Draft', '', 'auto-draft', 'open', 'open', '', '', '', '', '2011-08-03 15:47:33', '0000-00-00 00:00:00', '', 0, 'http://architechgreen.com /?p=93', 0, 'post', '', 0),
(94, 1, '2011-09-04 11:31:52', '2011-09-04 11:31:52', 'tin trong nuoc', 'tin trong nuoc 1', '', 'inherit', 'open', 'open', '', '34-revision-2', '', '', '2011-09-04 11:31:52', '2011-09-04 11:31:52', '', 34, 'http://architechgreen.com /?p=94', 0, 'revision', '', 0),
(95, 1, '2011-08-03 15:53:27', '2011-08-03 15:53:27', 'hi there just to let you know you most likely do not have to hack this..\r\n\r\nwhat happens is when you upgrade to multisite, or new wordpress... you have to enable images uploads under network settings for that module to be available to the individual sites, or the main site.\r\n\r\nso you could have featured image turned off on one multisite, but available on your main one.\r\n\r\njust enable image uploads and it will show up.', 'tin trong nuoc 1', '', 'inherit', 'open', 'open', '', '34-revision-3', '', '', '2011-08-03 15:53:27', '2011-08-03 15:53:27', '', 34, 'http://architechgreen.com /?p=95', 0, 'revision', '', 0),
(96, 1, '2011-08-03 15:54:48', '0000-00-00 00:00:00', '', 'Auto Draft', '', 'auto-draft', 'open', 'open', '', '', '', '', '2011-08-03 15:54:48', '0000-00-00 00:00:00', '', 0, 'http://architechgreen.com /?p=96', 0, 'post', '', 0),
(97, 1, '2011-08-03 15:54:14', '2011-08-03 15:54:14', 'hi there just to let you know you most likely do not have to hack this..\r\n\r\nwhat happens is when you upgrade to multisite, or new wordpress... you have to enable images uploads under network settings for that module to be available to the individual sites, or the main site.\r\n\r\nso you could have featured image turned off on one multisite, but available on your main one.\r\n\r\njust enable image uploads and it will show up.<a href="http://architechgreen.com /wp-content/uploads/2011/09/2congtrinh1_03.png"><img class="alignnone size-full wp-image-39" title="2congtrinh1_03" src="http://architechgreen.com /wp-content/uploads/2011/09/2congtrinh1_03.png" alt="" width="223" height="167" /></a>', 'tin trong nuoc 1', '', 'inherit', 'open', 'open', '', '34-revision-4', '', '', '2011-08-03 15:54:14', '2011-08-03 15:54:14', '', 34, 'http://architechgreen.com /?p=97', 0, 'revision', '', 0),
(98, 1, '2011-09-04 11:32:15', '2011-09-04 11:32:15', 'tin nuoc ngoai', 'A+ tuyen nhan su', '', 'inherit', 'open', 'open', '', '36-revision-2', '', '', '2011-09-04 11:32:15', '2011-09-04 11:32:15', '', 36, 'http://architechgreen.com /?p=98', 0, 'revision', '', 0),
(99, 1, '2011-08-03 15:55:56', '2011-08-03 15:55:56', '<a href="http://architechgreen.com /wp-content/uploads/2011/09/2congtrinh1_18.png"><img class="alignnone size-full wp-image-52" title="2congtrinh1_18" src="http://architechgreen.com /wp-content/uploads/2011/09/2congtrinh1_18.png" alt="" width="223" height="167" /></a>hi there just to let you know you most likely do not have to hack this..\r\n\r\nwhat happens is when you upgrade to multisite, or new wordpress... you have to enable images uploads under network settings for that module to be available to the individual sites, or the main site.\r\n\r\nso you could have featured image turned off on one multisite, but available on your main one.\r\n\r\njust enable image uploads and it will show up.', 'A+ tuyen nhan su', '', 'inherit', 'open', 'open', '', '36-revision-3', '', '', '2011-08-03 15:55:56', '2011-08-03 15:55:56', '', 36, 'http://architechgreen.com /?p=99', 0, 'revision', '', 0),
(100, 1, '2011-09-06 17:26:36', '2011-09-06 17:26:36', 'ket noi', 'ket noi', '', 'inherit', 'open', 'open', '', '62-revision-2', '', '', '2011-09-06 17:26:36', '2011-09-06 17:26:36', '', 62, 'http://architechgreen.com /?p=100', 0, 'revision', '', 0),
(101, 1, '2011-08-03 15:58:52', '2011-08-03 15:58:52', '<a href="http://architechgreen.com /wp-content/uploads/2011/09/2congtrinh1_18.png"><img class="alignnone size-full wp-image-52" title="2congtrinh1_18" src="http://architechgreen.com /wp-content/uploads/2011/09/2congtrinh1_18.png" alt="" width="223" height="167" /></a>\r\n\r\nhi there just to let you know you most likely do not have to hack this..\r\n\r\nwhat happens is when you upgrade to multisite, or new wordpress... you have to enable images uploads under network settings for that module to be available to the individual sites, or the main site.\r\n\r\nso you could have featured image turned off on one multisite, but available on your main one.\r\n\r\njust enable image uploads and it will show up.', 'A+ tham gia hoat dong he cho tre em', '', 'publish', 'open', 'open', '', 'jgfjgf', '', '', '2011-08-03 15:59:43', '2011-08-03 15:59:43', '', 0, 'http://architechgreen.com /?p=101', 0, 'post', '', 0),
(102, 1, '2011-08-03 15:58:46', '2011-08-03 15:58:46', '', 'jgfjgf', '', 'inherit', 'open', 'open', '', '101-revision', '', '', '2011-08-03 15:58:46', '2011-08-03 15:58:46', '', 101, 'http://architechgreen.com /?p=102', 0, 'revision', '', 0),
(103, 1, '2011-08-03 15:58:52', '2011-08-03 15:58:52', 'gfjfgjh', 'jgfjgf', '', 'inherit', 'open', 'open', '', '101-revision-2', '', '', '2011-08-03 15:58:52', '2011-08-03 15:58:52', '', 101, 'http://architechgreen.com /?p=103', 0, 'revision', '', 0),
(104, 1, '2011-08-03 16:00:11', '2011-08-03 16:00:11', '<a href="http://architechgreen.com /wp-content/uploads/2011/09/2congtrinh1_05.png"><img class="alignnone size-full wp-image-41" title="2congtrinh1_05" src="http://architechgreen.com /wp-content/uploads/2011/09/2congtrinh1_05.png" alt="" width="223" height="167" /></a>hi there just to let you know you most likely do not have to hack this..\r\n\r\nwhat happens is when you upgrade to multisite, or new wordpress... you have to enable images uploads under network settings for that module to be available to the individual sites, or the main site.\r\n\r\nso you could have featured image turned off on one multisite, but available on your main one.\r\n\r\njust enable image uploads and it will show up.', 'Trung Quoc xam luoc viet nam', '', 'publish', 'open', 'open', '', 'trung-quoc-xam-luoc-viet-nam', '', '', '2011-08-03 16:59:05', '2011-08-03 16:59:05', '', 0, 'http://architechgreen.com /?p=104', 0, 'post', '', 0),
(105, 1, '2011-08-03 15:59:58', '2011-08-03 15:59:58', '', 'Trung Quoc xam luoc viet nam', '', 'inherit', 'open', 'open', '', '104-revision', '', '', '2011-08-03 15:59:58', '2011-08-03 15:59:58', '', 104, 'http://architechgreen.com /?p=105', 0, 'revision', '', 0),
(106, 1, '2011-08-03 16:00:11', '2011-08-03 16:00:11', '<a href="http://architechgreen.com /wp-content/uploads/2011/09/2congtrinh1_05.png"><img class="alignnone size-full wp-image-41" title="2congtrinh1_05" src="http://architechgreen.com /wp-content/uploads/2011/09/2congtrinh1_05.png" alt="" width="223" height="167" /></a>hi there just to let you know you most likely do not have to hack this..\r\n\r\nwhat happens is when you upgrade to multisite, or new wordpress... you have to enable images uploads under network settings for that module to be available to the individual sites, or the main site.\r\n\r\nso you could have featured image turned off on one multisite, but available on your main one.\r\n\r\njust enable image uploads and it will show up.', 'Trung Quoc xam luoc viet nam', '', 'inherit', 'open', 'open', '', '104-revision-2', '', '', '2011-08-03 16:00:11', '2011-08-03 16:00:11', '', 104, 'http://architechgreen.com /?p=106', 0, 'revision', '', 0),
(107, 1, '2011-08-03 16:01:05', '2011-08-03 16:01:05', '<a href="http://architechgreen.com /wp-content/uploads/2011/09/2congtrinh1_16.png"><img class="alignnone size-full wp-image-45" title="2congtrinh1_16" src="http://architechgreen.com /wp-content/uploads/2011/09/2congtrinh1_16.png" alt="" width="223" height="167" /></a>hi there just to let you know you most likely do not have to hack this..\r\n\r\nwhat happens is when you upgrade to multisite, or new wordpress... you have to enable images uploads under network settings for that module to be available to the individual sites, or the main site.\r\n\r\nso you could have featured image turned off on one multisite, but available on your main one.\r\n\r\njust enable image uploads and it will show up.', 'Bao so 2 do bo vao thanh hoa', '', 'publish', 'open', 'open', '', 'bao-so-2-do-bo-vao-thanh-hoa', '', '', '2011-08-03 16:01:05', '2011-08-03 16:01:05', '', 0, 'http://architechgreen.com /?p=107', 0, 'post', '', 0),
(108, 1, '2011-08-03 16:00:45', '2011-08-03 16:00:45', '', 'Bao so 2 do bo vao thanh hoa', '', 'inherit', 'open', 'open', '', '107-revision', '', '', '2011-08-03 16:00:45', '2011-08-03 16:00:45', '', 107, 'http://architechgreen.com /?p=108', 0, 'revision', '', 0),
(109, 1, '2011-08-03 16:02:06', '2011-08-03 16:02:06', '<a href="http://architechgreen.com /wp-content/uploads/2011/09/2congtrinh1_16.png"><img class="alignnone size-full wp-image-45" title="2congtrinh1_16" src="http://architechgreen.com /wp-content/uploads/2011/09/2congtrinh1_16.png" alt="" width="223" height="167" /></a>hi there just to let you know you most likely do not have to hack this..\n\nwhat happens is when you upgrade to multisite, or new wordpress... you have to enable images uploads under network settings for that module to be available to the individual sites, or the main site.\n\nso you could have featured image turned off on one multisite, but available on your main one.\n\njust enable image uploads and it will show up.', 'Bao so 2 do bo vao thanh hoa', '', 'inherit', 'open', 'open', '', '107-autosave', '', '', '2011-08-03 16:02:06', '2011-08-03 16:02:06', '', 107, 'http://architechgreen.com /?p=109', 0, 'revision', '', 0),
(110, 1, '2011-08-03 16:27:14', '2011-08-03 16:27:14', '<a href="http://architechgreen.com /wp-content/uploads/2011/09/2congtrinh1_05.png"><img class="alignnone size-full wp-image-41" title="2congtrinh1_05" src="http://architechgreen.com /wp-content/uploads/2011/09/2congtrinh1_05.png" alt="" width="223" height="167" /></a>Well, we are almost done with our second WordPress Plugin development. A sneak peek can be viewed from <a href="http://wordpress.org/extend/plugins/wp-category-posts-list/">here</a>. (Hey! If the version is alpha then Don’t install!). Anyways, the thing which interested me most while developing the plugin was, the built in WordPress thumbnail API. So, I thought of sharing it. To tell you the truth, I first started the tutorial to explain how to use post thumbnail. But then, I decided to write about how to set post thumbnails first, and then discuss about how to use them. So, here it goes:', 'A+ khai truong ', '', 'publish', 'open', 'open', '', 'a-khai-truong', '', '', '2011-08-03 16:27:14', '2011-08-03 16:27:14', '', 0, 'http://architechgreen.com /?p=110', 0, 'post', '', 0),
(111, 1, '2011-08-03 16:26:47', '2011-08-03 16:26:47', '', 'A+ khai truong ', '', 'inherit', 'open', 'open', '', '110-revision', '', '', '2011-08-03 16:26:47', '2011-08-03 16:26:47', '', 110, 'http://architechgreen.com /?p=111', 0, 'revision', '', 0),
(112, 1, '2011-08-03 16:28:15', '2011-08-03 16:28:15', '<a href="http://architechgreen.com /wp-content/uploads/2011/09/2congtrinh1_05.png"><img class="alignnone size-full wp-image-41" title="2congtrinh1_05" src="http://architechgreen.com /wp-content/uploads/2011/09/2congtrinh1_05.png" alt="" width="223" height="167" /></a>Well, we are almost done with our second WordPress Plugin development. A sneak peek can be viewed from <a href="http://wordpress.org/extend/plugins/wp-category-posts-list/">here</a>. (Hey! If the version is alpha then Don’t install!). Anyways, the thing which interested me most while developing the plugin was, the built in WordPress thumbnail API. So, I thought of sharing it. To tell you the truth, I first started the tutorial to explain how to use post thumbnail. But then, I decided to write about how to set post thumbnails first, and then discuss about how to use them. So, here it goes:', 'A+ khai truong ', '', 'inherit', 'open', 'open', '', '110-autosave', '', '', '2011-08-03 16:28:15', '2011-08-03 16:28:15', '', 110, 'http://architechgreen.com /?p=112', 0, 'revision', '', 0),
(113, 1, '2011-08-03 16:30:52', '2011-08-03 16:30:52', '<a href="http://architechgreen.com /wp-content/uploads/2011/09/2congtrinh1_03.png"><img class="alignnone size-full wp-image-39" title="2congtrinh1_03" src="http://architechgreen.com /wp-content/uploads/2011/09/2congtrinh1_03.png" alt="" width="223" height="167" /></a>\r\n\r\nWell, we are almost done with our second WordPress Plugin development. A sneak peek can be viewed from <a href="http://wordpress.org/extend/plugins/wp-category-posts-list/">here</a>. (Hey! If the version is alpha then Don’t install!). Anyways, the thing which interested me most while developing the plugin was, the built in WordPress thumbnail API. So, I thought of sharing it. To tell you the truth, I first started the tutorial to explain how to use post thumbnail. But then, I decided to write about how to set post thumbnails first, and then discuss about how to use them. So, here it goes:Well, we are almost done with our second WordPress Plugin development. A sneak peek can be viewed from <a href="http://wordpress.org/extend/plugins/wp-category-posts-list/">here</a>. (Hey! If the version is alpha then Don’t install!). Anyways, the thing which interested me most while developing the plugin was, the built in WordPress thumbnail API. So, I thought of sharing it. To tell you the truth, I first started the tutorial to explain how to use post thumbnail. But then, I decided to write about how to set post thumbnails first, and then discuss about how to use them. So, here it goes:Well, we are almost done with our second WordPress Plugin development. A sneak peek can be viewed from <a href="http://wordpress.org/extend/plugins/wp-category-posts-list/">here</a>. (Hey! If the version is alpha then Don’t install!). Anyways, the thing which interested me most while developing the plugin was, the built in WordPress thumbnail API. So, I thought of sharing it. To tell you the truth, I first started the tutorial to explain how to use post thumbnail. But then, I decided to write about how to set post thumbnails first, and then discuss about how to use them. So, here it goes:Well, we are almost done with our second WordPress Plugin development. A sneak peek can be viewed from <a href="http://wordpress.org/extend/plugins/wp-category-posts-list/">here</a>. (Hey! If the version is alpha then Don’t install!). Anyways, the thing which interested me most while developing the plugin was, the built in WordPress thumbnail API. So, I thought of sharing it. To tell you the truth, I first started the tutorial to explain how to use post thumbnail. But then, I decided to write about how to set post thumbnails first, and then discuss about how to use them. So, here it goes:', 'cửa hàng nhựa châu âu', '', 'publish', 'open', 'open', '', 'tu-van-cong-trinh', '', '', '2011-08-03 17:02:52', '2011-08-03 17:02:52', '', 0, 'http://architechgreen.com /?p=113', 0, 'post', '', 0),
(114, 1, '2011-08-03 16:30:26', '2011-08-03 16:30:26', '', 'Tu van cong trinh', '', 'inherit', 'open', 'open', '', '113-revision', '', '', '2011-08-03 16:30:26', '2011-08-03 16:30:26', '', 113, 'http://architechgreen.com /?p=114', 0, 'revision', '', 0),
(115, 1, '2011-08-03 17:03:53', '2011-08-03 17:03:53', '<a href="http://architechgreen.com /wp-content/uploads/2011/09/2congtrinh1_03.png"><img class="alignnone size-full wp-image-39" title="2congtrinh1_03" src="http://architechgreen.com /wp-content/uploads/2011/09/2congtrinh1_03.png" alt="" width="223" height="167" /></a>\n\nWell, we are almost done with our second WordPress Plugin development. A sneak peek can be viewed from <a href="http://wordpress.org/extend/plugins/wp-category-posts-list/">here</a>. (Hey! If the version is alpha then Don’t install!). Anyways, the thing which interested me most while developing the plugin was, the built in WordPress thumbnail API. So, I thought of sharing it. To tell you the truth, I first started the tutorial to explain how to use post thumbnail. But then, I decided to write about how to set post thumbnails first, and then discuss about how to use them. So, here it goes:Well, we are almost done with our second WordPress Plugin development. A sneak peek can be viewed from <a href="http://wordpress.org/extend/plugins/wp-category-posts-list/">here</a>. (Hey! If the version is alpha then Don’t install!). Anyways, the thing which interested me most while developing the plugin was, the built in WordPress thumbnail API. So, I thought of sharing it. To tell you the truth, I first started the tutorial to explain how to use post thumbnail. But then, I decided to write about how to set post thumbnails first, and then discuss about how to use them. So, here it goes:Well, we are almost done with our second WordPress Plugin development. A sneak peek can be viewed from <a href="http://wordpress.org/extend/plugins/wp-category-posts-list/">here</a>. (Hey! If the version is alpha then Don’t install!). Anyways, the thing which interested me most while developing the plugin was, the built in WordPress thumbnail API. So, I thought of sharing it. To tell you the truth, I first started the tutorial to explain how to use post thumbnail. But then, I decided to write about how to set post thumbnails first, and then discuss about how to use them. So, here it goes:Well, we are almost done with our second WordPress Plugin development. A sneak peek can be viewed from <a href="http://wordpress.org/extend/plugins/wp-category-posts-list/">here</a>. (Hey! If the version is alpha then Don’t install!). Anyways, the thing which interested me most while developing the plugin was, the built in WordPress thumbnail API. So, I thought of sharing it. To tell you the truth, I first started the tutorial to explain how to use post thumbnail. But then, I decided to write about how to set post thumbnails first, and then discuss about how to use them. So, here it goes:', 'cửa hàng nhựa châu âu', '', 'inherit', 'open', 'open', '', '113-autosave', '', '', '2011-08-03 17:03:53', '2011-08-03 17:03:53', '', 113, 'http://architechgreen.com /?p=115', 0, 'revision', '', 0),
(116, 1, '2011-08-03 16:30:52', '2011-08-03 16:30:52', '<a href="http://architechgreen.com /wp-content/uploads/2011/09/2congtrinh1_03.png"><img class="alignnone size-full wp-image-39" title="2congtrinh1_03" src="http://architechgreen.com /wp-content/uploads/2011/09/2congtrinh1_03.png" alt="" width="223" height="167" /></a>Well, we are almost done with our second WordPress Plugin development. A sneak peek can be viewed from <a href="http://wordpress.org/extend/plugins/wp-category-posts-list/">here</a>. (Hey! If the version is alpha then Don’t install!). Anyways, the thing which interested me most while developing the plugin was, the built in WordPress thumbnail API. So, I thought of sharing it. To tell you the truth, I first started the tutorial to explain how to use post thumbnail. But then, I decided to write about how to set post thumbnails first, and then discuss about how to use them. So, here it goes:', 'Tu van cong trinh', '', 'inherit', 'open', 'open', '', '113-revision-2', '', '', '2011-08-03 16:30:52', '2011-08-03 16:30:52', '', 113, 'http://architechgreen.com /?p=116', 0, 'revision', '', 0),
(117, 1, '2011-08-03 16:00:31', '2011-08-03 16:00:31', '<a href="http://architechgreen.com /wp-content/uploads/2011/09/2congtrinh1_05.png"><img class="alignnone size-full wp-image-41" title="2congtrinh1_05" src="http://architechgreen.com /wp-content/uploads/2011/09/2congtrinh1_05.png" alt="" width="223" height="167" /></a>hi there just to let you know you most likely do not have to hack this..\r\n\r\nwhat happens is when you upgrade to multisite, or new wordpress... you have to enable images uploads under network settings for that module to be available to the individual sites, or the main site.\r\n\r\nso you could have featured image turned off on one multisite, but available on your main one.\r\n\r\njust enable image uploads and it will show up.', 'Trung Quoc xam luoc viet nam', '', 'inherit', 'open', 'open', '', '104-revision-3', '', '', '2011-08-03 16:00:31', '2011-08-03 16:00:31', '', 104, 'http://architechgreen.com /?p=117', 0, 'revision', '', 0);
INSERT INTO `ktposts` (`ID`, `post_author`, `post_date`, `post_date_gmt`, `post_content`, `post_title`, `post_excerpt`, `post_status`, `comment_status`, `ping_status`, `post_password`, `post_name`, `to_ping`, `pinged`, `post_modified`, `post_modified_gmt`, `post_content_filtered`, `post_parent`, `guid`, `menu_order`, `post_type`, `post_mime_type`, `comment_count`) VALUES
(118, 1, '2011-08-03 16:57:03', '2011-08-03 16:57:03', '<a href="http://architechgreen.com /wp-content/uploads/2011/09/2congtrinh1_05.png"><img class="alignnone size-full wp-image-41" title="2congtrinh1_05" src="http://architechgreen.com /wp-content/uploads/2011/09/2congtrinh1_05.png" alt="" width="223" height="167" /></a>hi there just to let you know you most likely do not have to hack this..\r\n\r\nwhat happens is when you upgrade to multisite, or new wordpress... you have to enable images uploads under network settings for that module to be available to the individual sites, or the main site.\r\n\r\nso you could have featured image turned off on one multisite, but available on your main one.\r\n\r\njust enable image uploads and it will show up.', 'Trung Quoc xam luoc viet nam', '', 'inherit', 'open', 'open', '', '104-revision-4', '', '', '2011-08-03 16:57:03', '2011-08-03 16:57:03', '', 104, 'http://architechgreen.com /?p=118', 0, 'revision', '', 0),
(119, 1, '2011-08-03 16:58:04', '2011-08-03 16:58:04', '<a href="http://architechgreen.com /wp-content/uploads/2011/09/2congtrinh1_05.png"><img class="alignnone size-full wp-image-41" title="2congtrinh1_05" src="http://architechgreen.com /wp-content/uploads/2011/09/2congtrinh1_05.png" alt="" width="223" height="167" /></a>hi there just to let you know you most likely do not have to hack this..\r\n\r\nwhat happens is when you upgrade to multisite, or new wordpress... you have to enable images uploads under network settings for that module to be available to the individual sites, or the main site.\r\n\r\nso you could have featured image turned off on one multisite, but available on your main one.\r\n\r\njust enable image uploads and it will show up.', 'Trung Quoc xam luoc viet nam', '', 'inherit', 'open', 'open', '', '104-revision-5', '', '', '2011-08-03 16:58:04', '2011-08-03 16:58:04', '', 104, 'http://architechgreen.com /?p=119', 0, 'revision', '', 0),
(120, 1, '2011-08-03 16:58:27', '2011-08-03 16:58:27', '<a href="http://architechgreen.com /wp-content/uploads/2011/09/2congtrinh1_05.png"><img class="alignnone size-full wp-image-41" title="2congtrinh1_05" src="http://architechgreen.com /wp-content/uploads/2011/09/2congtrinh1_05.png" alt="" width="223" height="167" /></a>hi there just to let you know you most likely do not have to hack this..\r\n\r\nwhat happens is when you upgrade to multisite, or new wordpress... you have to enable images uploads under network settings for that module to be available to the individual sites, or the main site.\r\n\r\nso you could have featured image turned off on one multisite, but available on your main one.\r\n\r\njust enable image uploads and it will show up.', 'Trung Quoc xam luoc viet nam', '', 'inherit', 'open', 'open', '', '104-revision-6', '', '', '2011-08-03 16:58:27', '2011-08-03 16:58:27', '', 104, 'http://architechgreen.com /?p=120', 0, 'revision', '', 0),
(121, 1, '2011-08-03 15:58:21', '2011-08-03 15:58:21', 'ket noi', 'ket noi', '', 'inherit', 'open', 'open', '', '62-revision-3', '', '', '2011-08-03 15:58:21', '2011-08-03 15:58:21', '', 62, 'http://architechgreen.com /?p=121', 0, 'revision', '', 0),
(122, 1, '2011-08-03 17:00:46', '2011-08-03 17:00:46', '<a href="http://architechgreen.com /wp-content/uploads/2011/09/2congtrinh1_05.png"><img class="alignnone size-full wp-image-41" title="2congtrinh1_05" src="http://architechgreen.com /wp-content/uploads/2011/09/2congtrinh1_05.png" alt="" width="223" height="167" /></a>\r\n\r\n&nbsp;\r\n\r\ns of wordpress 2.9, it gives really a cool way of setting post thumbnails. If you are a WordPress 3 user, then you should have noticed that, it has now been renamed to <strong>Featured Image</strong>. Anyways, basically what it does is, assigns an attachment image of a post as featured or thumbnail and gives an API to get the image to be used as thumbnail or whatever within plugin or theme. This is really very much effective. But, to use this, you need to add the following line of code inside the functions.php file of your theme template.', 'ket noi', '', 'inherit', 'open', 'open', '', '62-revision-4', '', '', '2011-08-03 17:00:46', '2011-08-03 17:00:46', '', 62, 'http://architechgreen.com /?p=122', 0, 'revision', '', 0),
(123, 1, '2011-08-03 17:01:20', '2011-08-03 17:01:20', '<a href="http://architechgreen.com /wp-content/uploads/2011/09/2congtrinh1_05.png"><img class="alignnone size-full wp-image-41" title="2congtrinh1_05" src="http://architechgreen.com /wp-content/uploads/2011/09/2congtrinh1_05.png" alt="" width="223" height="167" /></a>\r\n\r\n&nbsp;\r\n\r\ns of wordpress 2.9, it gives really a cool way of setting post thumbnails. If you are a WordPress 3 user, then you should have noticed that, it has now been renamed to <strong>Featured Image</strong>. Anyways, basically what it does is, assigns an attachment image of a post as featured or thumbnail and gives an API to get the image to be used as thumbnail or whatever within plugin or theme. This is really very much effective. But, to use this, you need to add the following line of code inside the functions.php file of your theme template.', 'của hàng nhựa châu âu', '', 'inherit', 'open', 'open', '', '62-revision-5', '', '', '2011-08-03 17:01:20', '2011-08-03 17:01:20', '', 62, 'http://architechgreen.com /?p=123', 0, 'revision', '', 0),
(124, 1, '2011-08-03 17:01:36', '2011-08-03 17:01:36', '<a href="http://architechgreen.com /wp-content/uploads/2011/09/2congtrinh1_05.png"><img class="alignnone size-full wp-image-41" title="2congtrinh1_05" src="http://architechgreen.com /wp-content/uploads/2011/09/2congtrinh1_05.png" alt="" width="223" height="167" /></a>\r\n\r\n&nbsp;\r\n\r\ns of wordpress 2.9, it gives really a cool way of setting post thumbnails. If you are a WordPress 3 user, then you should have noticed that, it has now been renamed to <strong>Featured Image</strong>. Anyways, basically what it does is, assigns an attachment image of a post as featured or thumbnail and gives an API to get the image to be used as thumbnail or whatever within plugin or theme. This is really very much effective. But, to use this, you need to add the following line of code inside the functions.php file of your theme template.', 'của hàng nhựa châu âu', '', 'inherit', 'open', 'open', '', '62-revision-6', '', '', '2011-08-03 17:01:36', '2011-08-03 17:01:36', '', 62, 'http://architechgreen.com /?p=124', 0, 'revision', '', 0),
(125, 1, '2011-08-03 17:01:56', '2011-08-03 17:01:56', '<a href="http://architechgreen.com /wp-content/uploads/2011/09/2congtrinh1_05.png"><img class="alignnone size-full wp-image-41" title="2congtrinh1_05" src="http://architechgreen.com /wp-content/uploads/2011/09/2congtrinh1_05.png" alt="" width="223" height="167" /></a>\r\n\r\n&nbsp;\r\n\r\ns of wordpress 2.9, it gives really a cool way of setting post thumbnails. If you are a WordPress 3 user, then you should have noticed that, it has now been renamed to <strong>Featured Image</strong>. Anyways, basically what it does is, assigns an attachment image of a post as featured or thumbnail and gives an API to get the image to be used as thumbnail or whatever within plugin or theme. This is really very much effective. But, to use this, you need to add the following line of code inside the functions.php file of your theme template.', 'của hàng nhựa châu âu', '', 'inherit', 'open', 'open', '', '62-revision-7', '', '', '2011-08-03 17:01:56', '2011-08-03 17:01:56', '', 62, 'http://architechgreen.com /?p=125', 0, 'revision', '', 0),
(126, 1, '2011-08-03 16:41:18', '2011-08-03 16:41:18', '<a href="http://architechgreen.com /wp-content/uploads/2011/09/2congtrinh1_03.png"><img class="alignnone size-full wp-image-39" title="2congtrinh1_03" src="http://architechgreen.com /wp-content/uploads/2011/09/2congtrinh1_03.png" alt="" width="223" height="167" /></a>\r\n\r\nWell, we are almost done with our second WordPress Plugin development. A sneak peek can be viewed from <a href="http://wordpress.org/extend/plugins/wp-category-posts-list/">here</a>. (Hey! If the version is alpha then Don’t install!). Anyways, the thing which interested me most while developing the plugin was, the built in WordPress thumbnail API. So, I thought of sharing it. To tell you the truth, I first started the tutorial to explain how to use post thumbnail. But then, I decided to write about how to set post thumbnails first, and then discuss about how to use them. So, here it goes:Well, we are almost done with our second WordPress Plugin development. A sneak peek can be viewed from <a href="http://wordpress.org/extend/plugins/wp-category-posts-list/">here</a>. (Hey! If the version is alpha then Don’t install!). Anyways, the thing which interested me most while developing the plugin was, the built in WordPress thumbnail API. So, I thought of sharing it. To tell you the truth, I first started the tutorial to explain how to use post thumbnail. But then, I decided to write about how to set post thumbnails first, and then discuss about how to use them. So, here it goes:Well, we are almost done with our second WordPress Plugin development. A sneak peek can be viewed from <a href="http://wordpress.org/extend/plugins/wp-category-posts-list/">here</a>. (Hey! If the version is alpha then Don’t install!). Anyways, the thing which interested me most while developing the plugin was, the built in WordPress thumbnail API. So, I thought of sharing it. To tell you the truth, I first started the tutorial to explain how to use post thumbnail. But then, I decided to write about how to set post thumbnails first, and then discuss about how to use them. So, here it goes:Well, we are almost done with our second WordPress Plugin development. A sneak peek can be viewed from <a href="http://wordpress.org/extend/plugins/wp-category-posts-list/">here</a>. (Hey! If the version is alpha then Don’t install!). Anyways, the thing which interested me most while developing the plugin was, the built in WordPress thumbnail API. So, I thought of sharing it. To tell you the truth, I first started the tutorial to explain how to use post thumbnail. But then, I decided to write about how to set post thumbnails first, and then discuss about how to use them. So, here it goes:', 'Tu van cong trinh', '', 'inherit', 'open', 'open', '', '113-revision-3', '', '', '2011-08-03 16:41:18', '2011-08-03 16:41:18', '', 113, 'http://architechgreen.com /?p=126', 0, 'revision', '', 0),
(127, 1, '2011-09-05 16:21:39', '2011-09-05 16:21:39', 'this is post caputra', 'caputra', '', 'inherit', 'open', 'open', '', '59-revision-2', '', '', '2011-09-05 16:21:39', '2011-09-05 16:21:39', '', 59, 'http://architechgreen.com /?p=127', 0, 'revision', '', 0),
(128, 1, '2011-09-05 16:12:33', '2011-09-05 16:12:33', 'Welcome to WordPress. This is your first post. Edit or delete it, then start blogging!', 'Bar Nhà Hàng', '', 'inherit', 'open', 'open', '', '1-revision-6', '', '', '2011-09-05 16:12:33', '2011-09-05 16:12:33', '', 1, 'http://architechgreen.com /?p=128', 0, 'revision', '', 0),
(129, 1, '2011-08-04 00:10:06', '2011-08-04 00:10:06', '<a href="http://architechgreen.com /wp-content/uploads/2011/09/2congtrinh1_18.png"><img class="alignnone size-full wp-image-52" title="2congtrinh1_18" src="http://architechgreen.com /wp-content/uploads/2011/09/2congtrinh1_18.png" alt="" width="223" height="167" /></a>\r\n\r\nWell, we are almost done with our second WordPress Plugin development. A sneak peek can be viewed from <a href="http://wordpress.org/extend/plugins/wp-category-posts-list/">here</a>. (Hey! If the version is alpha then Don’t install!). Anyways, the thing which interested me most while developing the plugin was, the built in WordPress thumbnail API. So, I thought of sharing it. To tell you the truth, I first started the tutorial to explain how to use post thumbnail. But then, I decided to write about how to set post', 'my dinh 1', '', 'publish', 'open', 'open', '', 'my-dinh-1-2', '', '', '2011-08-04 00:10:06', '2011-08-04 00:10:06', '', 0, 'http://architechgreen.com /?p=129', 0, 'post', '', 0),
(130, 1, '2011-08-04 00:09:44', '2011-08-04 00:09:44', '', 'my dinh 1', '', 'inherit', 'open', 'open', '', '129-revision', '', '', '2011-08-04 00:09:44', '2011-08-04 00:09:44', '', 129, 'http://architechgreen.com /?p=130', 0, 'revision', '', 0),
(131, 1, '2011-08-04 00:10:28', '2011-08-04 00:10:28', '<a href="http://architechgreen.com /wp-content/uploads/2011/09/2congtrinh1_03.png"><img class="alignnone size-full wp-image-39" title="2congtrinh1_03" src="http://architechgreen.com /wp-content/uploads/2011/09/2congtrinh1_03.png" alt="" width="223" height="167" /></a><a href="http://architechgreen.com /wp-content/uploads/2011/09/2congtrinh1_16.png"><img class="alignnone size-full wp-image-45" title="2congtrinh1_16" src="http://architechgreen.com /wp-content/uploads/2011/09/2congtrinh1_16.png" alt="" width="223" height="167" /></a>\r\n\r\nWell, we are almost done with our second WordPress Plugin development. A sneak peek can be viewed from <a href="http://wordpress.org/extend/plugins/wp-category-posts-list/">here</a>. (Hey! If the version is alpha then Don’t install!). Anyways, the thing which interested me most while developing the plugin was, the built in WordPress thumbnail API. So, I thought of sharing it. To tell you the truth, I first started the tutorial to explain how to use post thumbnail. But then, I decided to write about how to set post', 'my dinh 4', '', 'publish', 'open', 'open', '', 'my-dinh-2', '', '', '2011-08-04 00:11:13', '2011-08-04 00:11:13', '', 0, 'http://architechgreen.com /?p=131', 0, 'post', '', 0),
(132, 1, '2011-08-04 00:10:14', '2011-08-04 00:10:14', '', 'my dinh 2', '', 'inherit', 'open', 'open', '', '131-revision', '', '', '2011-08-04 00:10:14', '2011-08-04 00:10:14', '', 131, 'http://architechgreen.com /?p=132', 0, 'revision', '', 0),
(133, 1, '2011-08-04 00:10:28', '2011-08-04 00:10:28', '<a href="http://architechgreen.com /wp-content/uploads/2011/09/2congtrinh1_18.png"><img class="alignnone size-full wp-image-52" title="2congtrinh1_18" src="http://architechgreen.com /wp-content/uploads/2011/09/2congtrinh1_18.png" alt="" width="223" height="167" /></a>\r\n\r\nWell, we are almost done with our second WordPress Plugin development. A sneak peek can be viewed from <a href="http://wordpress.org/extend/plugins/wp-category-posts-list/">here</a>. (Hey! If the version is alpha then Don’t install!). Anyways, the thing which interested me most while developing the plugin was, the built in WordPress thumbnail API. So, I thought of sharing it. To tell you the truth, I first started the tutorial to explain how to use post thumbnail. But then, I decided to write about how to set post', 'my dinh 2', '', 'inherit', 'open', 'open', '', '131-revision-2', '', '', '2011-08-04 00:10:28', '2011-08-04 00:10:28', '', 131, 'http://architechgreen.com /?p=133', 0, 'revision', '', 0),
(134, 1, '2011-08-04 00:10:54', '2011-08-04 00:10:54', '<a href="http://architechgreen.com /wp-content/uploads/2011/09/2congtrinh1_16.png"><img class="alignnone size-full wp-image-45" title="2congtrinh1_16" src="http://architechgreen.com /wp-content/uploads/2011/09/2congtrinh1_16.png" alt="" width="223" height="167" /></a>\r\n\r\nWell, we are almost done with our second WordPress Plugin development. A sneak peek can be viewed from <a href="http://wordpress.org/extend/plugins/wp-category-posts-list/">here</a>. (Hey! If the version is alpha then Don’t install!). Anyways, the thing which interested me most while developing the plugin was, the built in WordPress thumbnail API. So, I thought of sharing it. To tell you the truth, I first started the tutorial to explain how to use post thumbnail. But then, I decided to write about how to set post', 'my dinh 3', '', 'inherit', 'open', 'open', '', '131-revision-3', '', '', '2011-08-04 00:10:54', '2011-08-04 00:10:54', '', 131, 'http://architechgreen.com /?p=134', 0, 'revision', '', 0),
(135, 1, '2011-08-04 00:11:41', '2011-08-04 00:11:41', '<a href="http://architechgreen.com /wp-content/uploads/2011/09/2congtrinh1_16.png"><img class="alignnone size-full wp-image-45" title="2congtrinh1_16" src="http://architechgreen.com /wp-content/uploads/2011/09/2congtrinh1_16.png" alt="" width="223" height="167" /></a>\r\n\r\nWell, we are almost done with our second WordPress Plugin development. A sneak peek can be viewed from <a href="http://wordpress.org/extend/plugins/wp-category-posts-list/">here</a>. (Hey! If the version is alpha then Don’t install!). Anyways, the thing which interested me most while developing the plugin was, the built in WordPress thumbnail API. So, I thought of sharing it. To tell you the truth, I first started the tutorial to explain how to use post thumbnail. But then, I decided to write about how to set post', 'my dinh 2', '', 'publish', 'open', 'open', '', 'my-dinh-2-2', '', '', '2011-08-04 00:11:41', '2011-08-04 00:11:41', '', 0, 'http://architechgreen.com /?p=135', 0, 'post', '', 0),
(136, 1, '2011-08-04 00:11:29', '2011-08-04 00:11:29', '', 'my dinh 2', '', 'inherit', 'open', 'open', '', '135-revision', '', '', '2011-08-04 00:11:29', '2011-08-04 00:11:29', '', 135, 'http://architechgreen.com /?p=136', 0, 'revision', '', 0),
(137, 1, '2011-08-04 00:12:06', '2011-08-04 00:12:06', '<a href="http://architechgreen.com /wp-content/uploads/2011/09/2congtrinh1_05.png"><img class="alignnone size-full wp-image-41" title="2congtrinh1_05" src="http://architechgreen.com /wp-content/uploads/2011/09/2congtrinh1_05.png" alt="" width="223" height="167" /></a>\r\n\r\nWell, we are almost done with our second WordPress Plugin development. A sneak peek can be viewed from <a href="http://wordpress.org/extend/plugins/wp-category-posts-list/">here</a>. (Hey! If the version is alpha then Don’t install!). Anyways, the thing which interested me most while developing the plugin was, the built in WordPress thumbnail API. So, I thought of sharing it. To tell you the truth, I first started the tutorial to explain how to use post thumbnail. But then, I decided to write about how to set post', 'my dinh 3', '', 'publish', 'open', 'open', '', 'my-dinh-3', '', '', '2011-08-04 00:12:06', '2011-08-04 00:12:06', '', 0, 'http://architechgreen.com /?p=137', 0, 'post', '', 0),
(138, 1, '2011-08-04 00:11:50', '2011-08-04 00:11:50', '', 'my dinh 3', '', 'inherit', 'open', 'open', '', '137-revision', '', '', '2011-08-04 00:11:50', '2011-08-04 00:11:50', '', 137, 'http://architechgreen.com /?p=138', 0, 'revision', '', 0),
(139, 1, '2011-08-04 00:56:47', '2011-08-04 00:56:47', '<a href="http://architechgreen.com /wp-content/uploads/2011/09/2congtrinh1_03.png"><img class="alignnone size-full wp-image-39" title="2congtrinh1_03" src="http://architechgreen.com /wp-content/uploads/2011/09/2congtrinh1_03.png" alt="" width="223" height="167" /></a>\r\n<div>\r\n<div>\r\n\r\nI''m using the <code>the_post_thumbnail</code> function in my theme to generate thumbnails for a scrolling image slider.\r\n\r\nI want the images to be sized to 260px width and 190px height so I have put <code>the_post_thumbnail(array(260,190));</code> in the theme.\r\n\r\nThese kind of works but some images resized but their proportions are maintained. This means I might get an image that gets resized to 260px width but its height is only 150px. This messes up the look of the slider so I want the function to crop some images so they are always exactly 260x160.\r\n\r\nAs I don''t know what proportion the images that may be uploaded in the future the function must be able to deal with this. Is it possible?\r\n\r\n</div>\r\n</div>', 'my dinh5', '', 'publish', 'open', 'open', '', 'my-dinh5', '', '', '2011-08-04 00:56:47', '2011-08-04 00:56:47', '', 0, 'http://architechgreen.com /?p=139', 0, 'post', '', 0),
(140, 1, '2011-08-04 00:56:27', '2011-08-04 00:56:27', '', 'my dinh5', '', 'inherit', 'open', 'open', '', '139-revision', '', '', '2011-08-04 00:56:27', '2011-08-04 00:56:27', '', 139, 'http://architechgreen.com /?p=140', 0, 'revision', '', 0),
(141, 1, '2011-08-04 00:57:08', '2011-08-04 00:57:08', '<a href="http://architechgreen.com /wp-content/uploads/2011/09/2congtrinh1_16.png"><img class="alignnone size-full wp-image-45" title="2congtrinh1_16" src="http://architechgreen.com /wp-content/uploads/2011/09/2congtrinh1_16.png" alt="" width="223" height="167" /></a>\r\n<div>\r\n<div>\r\n\r\nI''m using the <code>the_post_thumbnail</code> function in my theme to generate thumbnails for a scrolling image slider.\r\n\r\nI want the images to be sized to 260px width and 190px height so I have put <code>the_post_thumbnail(array(260,190));</code> in the theme.\r\n\r\nThese kind of works but some images resized but their proportions are maintained. This means I might get an image that gets resized to 260px width but its height is only 150px. This messes up the look of the slider so I want the function to crop some images so they are always exactly 260x160.\r\n\r\nAs I don''t know what proportion the images that may be uploaded in the future the function must be able to deal with this. Is it possible?\r\n\r\n</div>\r\n</div>', 'my dinh 6', '', 'publish', 'open', 'open', '', 'my-dinh-6', '', '', '2011-08-04 00:57:08', '2011-08-04 00:57:08', '', 0, 'http://architechgreen.com /?p=141', 0, 'post', '', 0),
(142, 1, '2011-08-04 00:56:55', '2011-08-04 00:56:55', '', 'my dinh 6', '', 'inherit', 'open', 'open', '', '141-revision', '', '', '2011-08-04 00:56:55', '2011-08-04 00:56:55', '', 141, 'http://architechgreen.com /?p=142', 0, 'revision', '', 0),
(143, 1, '2011-08-04 00:57:35', '2011-08-04 00:57:35', '<a href="http://architechgreen.com /wp-content/uploads/2011/09/2congtrinh1_05.png"><img class="alignnone size-full wp-image-41" title="2congtrinh1_05" src="http://architechgreen.com /wp-content/uploads/2011/09/2congtrinh1_05.png" alt="" width="223" height="167" /></a>\r\n\r\n&nbsp;\r\n<div>\r\n<div>\r\n\r\nI''m using the <code>the_post_thumbnail</code> function in my theme to generate thumbnails for a scrolling image slider.\r\n\r\nI want the images to be sized to 260px width and 190px height so I have put <code>the_post_thumbnail(array(260,190));</code> in the theme.\r\n\r\nThese kind of works but some images resized but their proportions are maintained. This means I might get an image that gets resized to 260px width but its height is only 150px. This messes up the look of the slider so I want the function to crop some images so they are always exactly 260x160.\r\n\r\nAs I don''t know what proportion the images that may be uploaded in the future the function must be able to deal with this. Is it possible?\r\n\r\n</div>\r\n</div>', 'my dinh 7', '', 'publish', 'open', 'open', '', 'my-dinh-7', '', '', '2011-08-04 00:57:35', '2011-08-04 00:57:35', '', 0, 'http://architechgreen.com /?p=143', 0, 'post', '', 0),
(144, 1, '2011-08-04 00:57:19', '2011-08-04 00:57:19', '', 'my dinh 7', '', 'inherit', 'open', 'open', '', '143-revision', '', '', '2011-08-04 00:57:19', '2011-08-04 00:57:19', '', 143, 'http://architechgreen.com /?p=144', 0, 'revision', '', 0),
(145, 1, '2011-08-04 00:58:35', '2011-08-04 00:58:35', '<a href="http://architechgreen.com /wp-content/uploads/2011/09/2congtrinh1_05.png"><img class="alignnone size-full wp-image-41" title="2congtrinh1_05" src="http://architechgreen.com /wp-content/uploads/2011/09/2congtrinh1_05.png" alt="" width="223" height="167" /></a>\n\n&nbsp;\n<div>\n<div>\n\nI''m using the <code>the_post_thumbnail</code> function in my theme to generate thumbnails for a scrolling image slider.\n\nI want the images to be sized to 260px width and 190px height so I have put <code>the_post_thumbnail(array(260,190));</code> in the theme.\n\nThese kind of works but some images resized but their proportions are maintained. This means I might get an image that gets resized to 260px width but its height is only 150px. This messes up the look of the slider so I want the function to crop some images so they are always exactly 260x160.\n\nAs I don''t know what proportion the images that may be uploaded in the future the function must be able to deal with this. Is it possible?\n\n</div>\n</div>', 'my dinh 7', '', 'inherit', 'open', 'open', '', '143-autosave', '', '', '2011-08-04 00:58:35', '2011-08-04 00:58:35', '', 143, 'http://architechgreen.com /?p=145', 0, 'revision', '', 0),
(146, 1, '2011-08-06 07:22:17', '0000-00-00 00:00:00', '', 'Auto Draft', '', 'auto-draft', 'open', 'open', '', '', '', '', '2011-08-06 07:22:17', '0000-00-00 00:00:00', '', 0, 'http://architechgreen.com /?p=146', 0, 'post', '', 0),
(147, 1, '2011-08-06 07:22:17', '0000-00-00 00:00:00', '', 'Auto Draft', '', 'auto-draft', 'open', 'open', '', '', '', '', '2011-08-06 07:22:17', '0000-00-00 00:00:00', '', 0, 'http://architechgreen.com /?p=147', 0, 'post', '', 0),
(148, 1, '2011-08-06 07:39:23', '0000-00-00 00:00:00', '', 'Auto Draft', '', 'auto-draft', 'open', 'open', '', '', '', '', '2011-08-06 07:39:23', '0000-00-00 00:00:00', '', 0, 'http://architechgreen.com /?p=148', 0, 'post', '', 0),
(149, 1, '2011-08-03 23:46:47', '2011-08-03 23:46:47', '<a href="http://architechgreen.com /wp-content/uploads/2011/09/2congtrinh1_07.png"><img class="alignnone size-full wp-image-43" title="2congtrinh1_07" src="http://architechgreen.com /wp-content/uploads/2011/09/2congtrinh1_07.png" alt="" width="223" height="167" /></a>this is post caputra', 'caputra', '', 'inherit', 'open', 'open', '', '59-revision-3', '', '', '2011-08-03 23:46:47', '2011-08-03 23:46:47', '', 59, 'http://architechgreen.com /?p=149', 0, 'revision', '', 0),
(150, 1, '2011-08-06 07:40:38', '2011-08-06 07:40:38', '<!--:en--><a href="http://architechgreen.com /wp-content/uploads/2011/09/2congtrinh1_07.png"><img class="alignnone size-full wp-image-43" title="2congtrinh1_07" src="http://architechgreen.com /wp-content/uploads/2011/09/2congtrinh1_07.png" alt="" width="223" height="167" /></a>this is post caputra<!--:--><!--:vi--><a href="http://architechgreen.com /wp-content/uploads/2011/09/2congtrinh1_07.png"><img class="alignnone size-full wp-image-43" title="2congtrinh1_07" src="http://architechgreen.com /wp-content/uploads/2011/09/2congtrinh1_07.png" alt="" width="223" height="167" /></a>this is post caputra-vi<!--:-->', '<!--:en-->caputra<!--:--><!--:vi-->caputra-vi<!--:-->', '', 'inherit', 'open', 'open', '', '59-revision-4', '', '', '2011-08-06 07:40:38', '2011-08-06 07:40:38', '', 59, 'http://architechgreen.com /?p=150', 0, 'revision', '', 0),
(151, 1, '2011-08-03 15:56:21', '2011-08-03 15:56:21', '<a href="http://architechgreen.com /wp-content/uploads/2011/09/2congtrinh1_18.png"><img class="alignnone size-full wp-image-52" title="2congtrinh1_18" src="http://architechgreen.com /wp-content/uploads/2011/09/2congtrinh1_18.png" alt="" width="223" height="167" /></a>hi there just to let you know you most likely do not have to hack this..\r\n\r\nwhat happens is when you upgrade to multisite, or new wordpress... you have to enable images uploads under network settings for that module to be available to the individual sites, or the main site.\r\n\r\nso you could have featured image turned off on one multisite, but available on your main one.\r\n\r\njust enable image uploads and it will show up.', 'A+ tuyen nhan su', '', 'inherit', 'open', 'open', '', '36-revision-4', '', '', '2011-08-03 15:56:21', '2011-08-03 15:56:21', '', 36, 'http://architechgreen.com /?p=151', 0, 'revision', '', 0),
(152, 1, '2011-08-06 07:50:26', '2011-08-06 07:50:26', '<!--:en--><a href="http://architechgreen.com /wp-content/uploads/2011/09/2congtrinh1_18.png"><img class="alignnone size-full wp-image-52" title="2congtrinh1_18" src="http://architechgreen.com /wp-content/uploads/2011/09/2congtrinh1_18.png" alt="" width="223" height="167" /></a>hi there just to let you know you most likely do not have to hack this..en\r\n\r\nwhat happens is when you upgrade to multisite, or new wordpress... you have to enable images uploads under network settings for that module to be available to the individual sites, or the main site.\r\n\r\nso you could have featured image turned off on one multisite, but available on your main one.\r\n\r\njust enable image uploads and it will show up.<!--:--><!--:vi--><a href="http://architechgreen.com /wp-content/uploads/2011/09/2congtrinh1_18.png"><img class="alignnone size-full wp-image-52" title="2congtrinh1_18" src="http://architechgreen.com /wp-content/uploads/2011/09/2congtrinh1_18.png" alt="" width="223" height="167" /></a>hi there just to let you know you most likely do not have to hack this..vi\r\n\r\nwhat happens is when you upgrade to multisite, or new wordpress... you have to enable images uploads under network settings for that module to be available to the individual sites, or the main site.\r\n\r\nso you could have featured image turned off on one multisite, but available on your main one.\r\n\r\njust enable image uploads and it will show up.<!--:-->', '<!--:en-->A+ tuyen nhan suen<!--:--><!--:vi-->A+ tuyen nhan su<!--:-->', '', 'inherit', 'open', 'open', '', '36-revision-5', '', '', '2011-08-06 07:50:26', '2011-08-06 07:50:26', '', 36, 'http://architechgreen.com /?p=152', 0, 'revision', '', 0),
(153, 1, '2011-08-06 07:52:00', '2011-08-06 07:52:00', '<!--:en--><a href="http://architechgreen.com /wp-content/uploads/2011/09/2congtrinh1_18.png"><img class="alignnone size-full wp-image-52" title="2congtrinh1_18" src="http://architechgreen.com /wp-content/uploads/2011/09/2congtrinh1_18.png" alt="" width="223" height="167" /></a>hi there just to let you know you most likely do not have to hack this..en\r\n\r\nwhat happens is when you upgrade to multisite, or new wordpress... you have to enable images uploads under network settings for that module to be available to the individual sites, or the main site.\r\n\r\nso you could have featured image turned off on one multisite, but available on your main one.\r\n\r\njust enable image uploads and it will show up.<!--:--><!--:vi--><a href="http://architechgreen.com /wp-content/uploads/2011/09/2congtrinh1_18.png"><img class="alignnone size-full wp-image-52" title="2congtrinh1_18" src="http://architechgreen.com /wp-content/uploads/2011/09/2congtrinh1_18.png" alt="" width="223" height="167" /></a>hi there just to let you know you most likely do not have to hack this..vi\r\n\r\nwhat happens is when you upgrade to multisite, or new wordpress... you have to enable images uploads under network settings for that module to be available to the individual sites, or the main site.\r\n\r\nso you could have featured image turned off on one multisite, but available on your main one.\r\n\r\njust enable image uploads and it will show up.<!--:-->', '<!--:en-->A+ tuyen nhan suen<!--:--><!--:vi-->A+ tuyen nhan su<!--:-->', '', 'inherit', 'open', 'open', '', '36-revision-6', '', '', '2011-08-06 07:52:00', '2011-08-06 07:52:00', '', 36, 'http://architechgreen.com /?p=153', 0, 'revision', '', 0),
(154, 1, '2011-08-06 07:41:06', '2011-08-06 07:41:06', '<!--:en--><a href="http://architechgreen.com /wp-content/uploads/2011/09/2congtrinh1_07.png"><img class="alignnone size-full wp-image-43" title="2congtrinh1_07" src="http://architechgreen.com /wp-content/uploads/2011/09/2congtrinh1_07.png" alt="" width="223" height="167" /></a>this is post caputra<!--:--><!--:vi--><a href="http://architechgreen.com /wp-content/uploads/2011/09/2congtrinh1_07.png"><img class="alignnone size-full wp-image-43" title="2congtrinh1_07" src="http://architechgreen.com /wp-content/uploads/2011/09/2congtrinh1_07.png" alt="" width="223" height="167" /></a>this is post caputra-vi<!--:-->', '<!--:en-->caputra<!--:--><!--:vi-->caputra-vi<!--:-->', '', 'inherit', 'open', 'open', '', '59-revision-5', '', '', '2011-08-06 07:41:06', '2011-08-06 07:41:06', '', 59, 'http://architechgreen.com /?p=154', 0, 'revision', '', 0),
(155, 1, '2011-09-04 11:50:51', '2011-09-04 11:50:51', '<a href="http://architechgreen.com /wp-content/uploads/2011/09/2congtrinh1_18.png"><img class="alignnone size-full wp-image-52" title="2congtrinh1_18" src="http://architechgreen.com /wp-content/uploads/2011/09/2congtrinh1_18.png" alt="" width="223" height="167" /></a>', 'Bar ', '', 'inherit', 'open', 'open', '', '51-revision-2', '', '', '2011-09-04 11:50:51', '2011-09-04 11:50:51', '', 51, 'http://architechgreen.com /?p=155', 0, 'revision', '', 0),
(156, 1, '2011-08-06 07:57:53', '2011-08-06 07:57:53', '<a href="http://architechgreen.com /wp-content/uploads/2011/09/2congtrinh1_18.png"><img class="alignnone size-full wp-image-52" title="2congtrinh1_18" src="http://architechgreen.com /wp-content/uploads/2011/09/2congtrinh1_18.png" alt="" width="223" height="167" /></a>c', 'Lo 11', '', 'publish', 'open', 'open', '', 'c', '', '', '2011-08-06 07:59:20', '2011-08-06 07:59:20', '', 0, 'http://architechgreen.com /?p=156', 0, 'post', '', 0),
(157, 1, '2011-08-06 07:57:50', '2011-08-06 07:57:50', '', 'c', '', 'inherit', 'open', 'open', '', '156-revision', '', '', '2011-08-06 07:57:50', '2011-08-06 07:57:50', '', 156, 'http://architechgreen.com /?p=157', 0, 'revision', '', 0),
(158, 1, '2011-08-06 07:57:53', '2011-08-06 07:57:53', 'c', 'c', '', 'inherit', 'open', 'open', '', '156-revision-2', '', '', '2011-08-06 07:57:53', '2011-08-06 07:57:53', '', 156, 'http://architechgreen.com /?p=158', 0, 'revision', '', 0),
(159, 1, '2011-08-06 07:59:13', '2011-08-06 07:59:13', '<a href="http://architechgreen.com /wp-content/uploads/2011/09/2congtrinh1_18.png"><img class="alignnone size-full wp-image-52" title="2congtrinh1_18" src="http://architechgreen.com /wp-content/uploads/2011/09/2congtrinh1_18.png" alt="" width="223" height="167" /></a>c', 'c', '', 'inherit', 'open', 'open', '', '156-autosave', '', '', '2011-08-06 07:59:13', '2011-08-06 07:59:13', '', 156, 'http://architechgreen.com /?p=159', 0, 'revision', '', 0),
(160, 1, '2011-08-06 07:58:12', '2011-08-06 07:58:12', 'c', 'c', '', 'inherit', 'open', 'open', '', '156-revision-3', '', '', '2011-08-06 07:58:12', '2011-08-06 07:58:12', '', 156, 'http://architechgreen.com /?p=160', 0, 'revision', '', 0),
(161, 1, '2011-08-06 07:55:47', '2011-08-06 07:55:47', '<!--:en--><a href="http://architechgreen.com /wp-content/uploads/2011/09/2congtrinh1_07.png"><img class="alignnone size-full wp-image-43" title="2congtrinh1_07" src="http://architechgreen.com /wp-content/uploads/2011/09/2congtrinh1_07.png" alt="" width="223" height="167" /></a>\r\n\r\nthis is post caputra<!--:--><!--:vi-->this is post caputra-vi<!--:-->', 'caputra', '', 'inherit', 'open', 'open', '', '59-revision-6', '', '', '2011-08-06 07:55:47', '2011-08-06 07:55:47', '', 59, 'http://architechgreen.com /?p=161', 0, 'revision', '', 0),
(162, 1, '2011-08-06 07:59:58', '2011-08-06 07:59:58', '<a href="http://architechgreen.com /wp-content/uploads/2011/09/2congtrinh1_18.png"><img class="alignnone size-full wp-image-52" title="2congtrinh1_18" src="http://architechgreen.com /wp-content/uploads/2011/09/2congtrinh1_18.png" alt="" width="223" height="167" /></a>', 'capu', '', 'publish', 'open', 'open', '', 'capu', '', '', '2011-08-06 07:59:58', '2011-08-06 07:59:58', '', 0, 'http://architechgreen.com /?p=162', 0, 'post', '', 0),
(163, 1, '2011-08-06 07:59:46', '2011-08-06 07:59:46', '', 'capu', '', 'inherit', 'open', 'open', '', '162-revision', '', '', '2011-08-06 07:59:46', '2011-08-06 07:59:46', '', 162, 'http://architechgreen.com /?p=163', 0, 'revision', '', 0),
(164, 1, '2011-08-06 07:59:32', '2011-08-06 07:59:32', '<!--:en--><a href="http://architechgreen.com /wp-content/uploads/2011/09/2congtrinh1_07.png"><img class="alignnone size-full wp-image-43" title="2congtrinh1_07" src="http://architechgreen.com /wp-content/uploads/2011/09/2congtrinh1_07.png" alt="" width="223" height="167" /></a>\r\n\r\nthis is post caputra<!--:--><!--:vi-->this is post caputra-vi<!--:-->', 'caputra', '', 'inherit', 'open', 'open', '', '59-revision-7', '', '', '2011-08-06 07:59:32', '2011-08-06 07:59:32', '', 59, 'http://architechgreen.com /?p=164', 0, 'revision', '', 0),
(165, 1, '2011-08-06 08:00:26', '2011-08-06 08:00:26', '<!--:en--><a href="http://architechgreen.com /wp-content/uploads/2011/09/2congtrinh1_07.png"><img class="alignnone size-full wp-image-43" title="2congtrinh1_07" src="http://architechgreen.com /wp-content/uploads/2011/09/2congtrinh1_07.png" alt="" width="223" height="167" /></a>\r\n\r\nthis is post caputra<!--:--><!--:vi-->this is post caputra-vi<!--:-->', 'Lo 12', '', 'inherit', 'open', 'open', '', '59-revision-8', '', '', '2011-08-06 08:00:26', '2011-08-06 08:00:26', '', 59, 'http://architechgreen.com /?p=165', 0, 'revision', '', 0),
(166, 1, '2011-08-06 08:01:02', '2011-08-06 08:01:02', '<!--:en--><a href="http://architechgreen.com /wp-content/uploads/2011/09/2congtrinh1_07.png"><img class="alignnone size-full wp-image-43" title="2congtrinh1_07" src="http://architechgreen.com /wp-content/uploads/2011/09/2congtrinh1_07.png" alt="" width="223" height="167" /></a>\r\n\r\nthis is post caputra<!--:--><!--:vi-->this is post caputra-vi<!--:-->', 'Lo 12', '', 'inherit', 'open', 'open', '', '59-revision-9', '', '', '2011-08-06 08:01:02', '2011-08-06 08:01:02', '', 59, 'http://architechgreen.com /?p=166', 0, 'revision', '', 0),
(167, 1, '2011-08-06 08:05:11', '2011-08-06 08:05:11', 'chipucha', 'cipucha', '', 'publish', 'open', 'open', '', 'dfd', '', '', '2011-08-06 11:18:59', '2011-08-06 11:18:59', '', 0, 'http://architechgreen.com /?p=167', 0, 'post', '', 0),
(168, 1, '2011-08-06 08:05:06', '2011-08-06 08:05:06', 'ds', 'dfd', '', 'inherit', 'open', 'open', '', '167-revision', '', '', '2011-08-06 08:05:06', '2011-08-06 08:05:06', '', 167, 'http://architechgreen.com /?p=168', 0, 'revision', '', 0),
(169, 1, '2011-08-06 08:06:12', '2011-08-06 08:06:12', 'dsfsdf', 'dfd', '', 'inherit', 'open', 'open', '', '167-autosave', '', '', '2011-08-06 08:06:12', '2011-08-06 08:06:12', '', 167, 'http://architechgreen.com /?p=169', 0, 'revision', '', 0),
(170, 1, '2011-08-06 11:03:12', '2011-08-06 11:03:12', 'demo', 'demo', '', 'publish', 'open', 'open', '', 'demo', '', '', '2011-08-06 11:03:12', '2011-08-06 11:03:12', '', 0, 'http://architechgreen.com /?p=170', 0, 'post', '', 0),
(171, 1, '2011-08-06 11:03:03', '2011-08-06 11:03:03', '', 'demo', '', 'inherit', 'open', 'open', '', '170-revision', '', '', '2011-08-06 11:03:03', '2011-08-06 11:03:03', '', 170, 'http://architechgreen.com /?p=171', 0, 'revision', '', 0),
(172, 1, '2011-08-06 11:04:13', '2011-08-06 11:04:13', 'demo', 'demo', '', 'inherit', 'open', 'open', '', '170-autosave', '', '', '2011-08-06 11:04:13', '2011-08-06 11:04:13', '', 170, 'http://architechgreen.com /?p=172', 0, 'revision', '', 0),
(173, 1, '2011-08-06 08:05:11', '2011-08-06 08:05:11', 'dsfsdf', 'dfd', '', 'inherit', 'open', 'open', '', '167-revision-2', '', '', '2011-08-06 08:05:11', '2011-08-06 08:05:11', '', 167, 'http://architechgreen.com /?p=173', 0, 'revision', '', 0),
(174, 1, '2011-08-06 11:19:13', '2011-08-06 11:19:13', 'nam thang long 2', 'nam thang long2', '', 'publish', 'open', 'open', '', 'nam-thang-long2', '', '', '2011-08-06 11:19:29', '2011-08-06 11:19:29', '', 0, 'http://architechgreen.com /?p=174', 0, 'post', '', 0),
(175, 1, '2011-08-06 11:19:05', '2011-08-06 11:19:05', '', 'nam thang long2', '', 'inherit', 'open', 'open', '', '174-revision', '', '', '2011-08-06 11:19:05', '2011-08-06 11:19:05', '', 174, 'http://architechgreen.com /?p=175', 0, 'revision', '', 0),
(176, 1, '2011-08-06 11:19:13', '2011-08-06 11:19:13', 'nam thang long 2', 'nam thang long2', '', 'inherit', 'open', 'open', '', '174-revision-2', '', '', '2011-08-06 11:19:13', '2011-08-06 11:19:13', '', 174, 'http://architechgreen.com /?p=176', 0, 'revision', '', 0),
(177, 1, '2011-08-06 11:20:30', '2011-08-06 11:20:30', 'nam thang long 2', 'nam thang long2', '', 'inherit', 'open', 'open', '', '174-autosave', '', '', '2011-08-06 11:20:30', '2011-08-06 11:20:30', '', 174, 'http://architechgreen.com /?p=177', 0, 'revision', '', 0);

-- --------------------------------------------------------

--
-- Table structure for table `ktterms`
--

CREATE TABLE IF NOT EXISTS `ktterms` (
  `term_id` bigint(20) unsigned NOT NULL AUTO_INCREMENT,
  `name` varchar(200) NOT NULL DEFAULT '',
  `slug` varchar(200) NOT NULL DEFAULT '',
  `term_group` bigint(10) NOT NULL DEFAULT '0',
  PRIMARY KEY (`term_id`),
  UNIQUE KEY `slug` (`slug`),
  KEY `name` (`name`)
) ENGINE=MyISAM  DEFAULT CHARSET=utf8 AUTO_INCREMENT=25 ;

--
-- Dumping data for table `ktterms`
--

INSERT INTO `ktterms` (`term_id`, `name`, `slug`, `term_group`) VALUES
(1, 'Uncategorized', 'uncategorized', 0),
(2, 'Blogroll', 'blogroll', 0),
(3, 'Công Trình', 'cong-trinh', 0),
(4, 'Tin Tức', 'tin-tuc', 0),
(5, 'Nhà Trung Cư', 'nha-trung-cu', 0),
(6, 'nhà ở gia đình', 'nha-o-gia-dinh', 0),
(7, 'Bar &amp; Nhà Hàng', 'bar-nha-hang', 0),
(8, 'showroom', 'showroom', 0),
(9, 'Kiến Trúc', 'kien-truc', 0),
(10, 'văn phòng', 'van-phong', 0),
(11, 'Ciputra', 'ciputra', 0),
(12, 'Tin tức A+', 'tin-tuc-a', 0),
(13, 'Tin Trong Nước', 'tin-trong-nuoc', 0),
(14, 'Mỹ Đình', 'my-dinh', 0),
(15, 'Nam Thăng long', 'nam-thang-long', 0),
(16, 'Tư vấn', 'tu-van', 0),
(17, 'Kết Nối', 'ket-noi', 0),
(18, 'Bắc Linh Đàm', 'bac-linh-dam', 0),
(19, 'Tin Quốc Tế', 'tin-quoc-te', 0),
(20, 'Thiết Kế Nội Thất', 'thiet-ke-noi-that', 0),
(21, 'Thiết Kế Kiến Trúc', 'thiet-ke-kien-truc', 0),
(22, 'Vật Liệu Xây Dựng', 'vat-lieu-xay-dung', 0),
(23, 'Nhà Cung Cấp', 'nha-cung-cap', 0),
(24, 'Kết Nối', 'ket-noi-2', 0);

-- --------------------------------------------------------

--
-- Table structure for table `ktterm_relationships`
--

CREATE TABLE IF NOT EXISTS `ktterm_relationships` (
  `object_id` bigint(20) unsigned NOT NULL DEFAULT '0',
  `term_taxonomy_id` bigint(20) unsigned NOT NULL DEFAULT '0',
  `term_order` int(11) NOT NULL DEFAULT '0',
  PRIMARY KEY (`object_id`,`term_taxonomy_id`),
  KEY `term_taxonomy_id` (`term_taxonomy_id`)
) ENGINE=MyISAM DEFAULT CHARSET=utf8;

--
-- Dumping data for table `ktterm_relationships`
--

INSERT INTO `ktterm_relationships` (`object_id`, `term_taxonomy_id`, `term_order`) VALUES
(1, 2, 0),
(2, 2, 0),
(3, 2, 0),
(4, 2, 0),
(5, 2, 0),
(6, 2, 0),
(7, 2, 0),
(156, 18, 0),
(48, 10, 0),
(1, 7, 0),
(36, 12, 0),
(59, 8, 0),
(34, 13, 0),
(24, 15, 0),
(22, 8, 0),
(20, 9, 0),
(18, 14, 0),
(81, 1, 0),
(59, 15, 0),
(104, 13, 0),
(62, 12, 0),
(101, 12, 0),
(104, 19, 0),
(113, 24, 0),
(107, 13, 0),
(110, 12, 0),
(129, 14, 0),
(135, 14, 0),
(131, 14, 0),
(51, 11, 0),
(137, 14, 0),
(139, 14, 0),
(141, 14, 0),
(143, 14, 0),
(162, 11, 0),
(174, 14, 0),
(167, 11, 0),
(170, 13, 0);

-- --------------------------------------------------------

--
-- Table structure for table `ktterm_taxonomy`
--

CREATE TABLE IF NOT EXISTS `ktterm_taxonomy` (
  `term_taxonomy_id` bigint(20) unsigned NOT NULL AUTO_INCREMENT,
  `term_id` bigint(20) unsigned NOT NULL DEFAULT '0',
  `taxonomy` varchar(32) NOT NULL DEFAULT '',
  `description` longtext NOT NULL,
  `parent` bigint(20) unsigned NOT NULL DEFAULT '0',
  `count` bigint(20) NOT NULL DEFAULT '0',
  PRIMARY KEY (`term_taxonomy_id`),
  UNIQUE KEY `term_id_taxonomy` (`term_id`,`taxonomy`),
  KEY `taxonomy` (`taxonomy`)
) ENGINE=MyISAM  DEFAULT CHARSET=utf8 AUTO_INCREMENT=25 ;

--
-- Dumping data for table `ktterm_taxonomy`
--

INSERT INTO `ktterm_taxonomy` (`term_taxonomy_id`, `term_id`, `taxonomy`, `description`, `parent`, `count`) VALUES
(1, 1, 'category', '', 0, 0),
(2, 2, 'link_category', '', 0, 7),
(3, 3, 'category', 'các công trình đã làm', 0, 0),
(4, 4, 'category', 'tin tức', 0, 0),
(5, 5, 'category', 'các công trình nhà trung cu', 3, 0),
(6, 6, 'category', '', 3, 0),
(7, 7, 'category', '', 3, 0),
(8, 8, 'category', '', 3, 1),
(9, 9, 'category', '', 3, 1),
(10, 10, 'category', '', 3, 1),
(11, 11, 'category', '', 5, 2),
(12, 12, 'category', '', 4, 2),
(13, 13, 'category', '', 4, 3),
(14, 14, 'category', '', 5, 9),
(15, 15, 'category', '', 5, 1),
(16, 16, 'category', '', 0, 0),
(17, 17, 'category', '', 0, 0),
(18, 18, 'category', '', 5, 1),
(19, 19, 'category', '', 4, 1),
(20, 20, 'category', '', 16, 0),
(21, 21, 'category', '', 16, 0),
(22, 22, 'category', '', 17, 0),
(23, 23, 'category', '', 17, 0),
(24, 24, 'category', '', 23, 1);

-- --------------------------------------------------------

--
-- Table structure for table `ktusermeta`
--

CREATE TABLE IF NOT EXISTS `ktusermeta` (
  `umeta_id` bigint(20) unsigned NOT NULL AUTO_INCREMENT,
  `user_id` bigint(20) unsigned NOT NULL DEFAULT '0',
  `meta_key` varchar(255) DEFAULT NULL,
  `meta_value` longtext,
  PRIMARY KEY (`umeta_id`),
  KEY `user_id` (`user_id`),
  KEY `meta_key` (`meta_key`)
) ENGINE=MyISAM  DEFAULT CHARSET=utf8 AUTO_INCREMENT=21 ;

--
-- Dumping data for table `ktusermeta`
--

INSERT INTO `ktusermeta` (`umeta_id`, `user_id`, `meta_key`, `meta_value`) VALUES
(1, 1, 'first_name', ''),
(2, 1, 'last_name', ''),
(3, 1, 'nickname', 'admin'),
(4, 1, 'description', ''),
(5, 1, 'rich_editing', 'true'),
(6, 1, 'comment_shortcuts', 'false'),
(7, 1, 'admin_color', 'fresh'),
(8, 1, 'use_ssl', '0'),
(9, 1, 'aim', ''),
(10, 1, 'yim', ''),
(11, 1, 'jabber', ''),
(12, 1, 'ktcapabilities', 'a:1:{s:13:"administrator";s:1:"1";}'),
(13, 1, 'ktuser_level', '10'),
(14, 1, 'ktdashboard_quick_press_last_post_id', '67'),
(15, 1, 'ktuser-settings', 'm4=o&m0=o&m5=o&m1=o&m9=o&editor=tinymce&m8=o&m7=o&m6=o&m2=o'),
(16, 1, 'ktuser-settings-time', '1312615352'),
(17, 1, 'closedpostboxes_post', 'a:0:{}'),
(18, 1, 'metaboxhidden_post', 'a:7:{i:0;s:11:"postexcerpt";i:1;s:13:"trackbacksdiv";i:2;s:10:"postcustom";i:3;s:16:"commentstatusdiv";i:4;s:7:"slugdiv";i:5;s:9:"authordiv";i:6;s:16:"tagsdiv-post_tag";}'),
(19, 1, 'meta-box-order_post', 'a:3:{s:4:"side";s:34:"postimagediv,categorydiv,submitdiv";s:6:"normal";s:113:"postexcerpt,trackbacksdiv,postcustom,commentstatusdiv,slugdiv,authordiv,tagsdiv-post_tag,commentsdiv,revisionsdiv";s:8:"advanced";s:0:"";}'),
(20, 1, 'screen_layout_post', '2');

-- --------------------------------------------------------

--
-- Table structure for table `ktusers`
--

CREATE TABLE IF NOT EXISTS `ktusers` (
  `ID` bigint(20) unsigned NOT NULL AUTO_INCREMENT,
  `user_login` varchar(60) NOT NULL DEFAULT '',
  `user_pass` varchar(64) NOT NULL DEFAULT '',
  `user_nicename` varchar(50) NOT NULL DEFAULT '',
  `user_email` varchar(100) NOT NULL DEFAULT '',
  `user_url` varchar(100) NOT NULL DEFAULT '',
  `user_registered` datetime NOT NULL DEFAULT '0000-00-00 00:00:00',
  `user_activation_key` varchar(60) NOT NULL DEFAULT '',
  `user_status` int(11) NOT NULL DEFAULT '0',
  `display_name` varchar(250) NOT NULL DEFAULT '',
  PRIMARY KEY (`ID`),
  KEY `user_login_key` (`user_login`),
  KEY `user_nicename` (`user_nicename`)
) ENGINE=MyISAM  DEFAULT CHARSET=utf8 AUTO_INCREMENT=2 ;

--
-- Dumping data for table `ktusers`
--

INSERT INTO `ktusers` (`ID`, `user_login`, `user_pass`, `user_nicename`, `user_email`, `user_url`, `user_registered`, `user_activation_key`, `user_status`, `display_name`) VALUES
(1, 'admin', '$P$BNgTq9hzcWcOUgG6xOIkwQhTJHvOXa.', 'admin', 'trungnguyenthanh70@gmail.com', '', '2011-08-30 17:22:51', '', 0, 'admin');

/*!40101 SET CHARACTER_SET_CLIENT=@OLD_CHARACTER_SET_CLIENT */;
/*!40101 SET CHARACTER_SET_RESULTS=@OLD_CHARACTER_SET_RESULTS */;
/*!40101 SET COLLATION_CONNECTION=@OLD_COLLATION_CONNECTION */;
